INFO:     Will watch for changes in these directories: ['/Users/willneedlman/finance_dashboard/backend']
INFO:     Uvicorn running on http://0.0.0.0:8000 (Press CTRL+C to quit)
INFO:     Started reloader process [92551] using WatchFiles
INFO:     Started server process [92553]
INFO:     Waiting for application startup.
INFO:     Application startup complete.
INFO:     127.0.0.1:56555 - "GET /api/corporate/hub?ticker=TOST HTTP/1.1" 200 OK
INFO:     127.0.0.1:56603 - "GET /api/corporate/hub?ticker=TOST HTTP/1.1" 200 OK
INFO:     127.0.0.1:56599 - "GET /api/corporate/hub?ticker=NVDA HTTP/1.1" 200 OK
INFO:     127.0.0.1:56600 - "GET /api/corporate/hub?ticker=AAPL HTTP/1.1" 200 OK
INFO:     127.0.0.1:56607 - "GET /api/corporate/hub?ticker=OWL HTTP/1.1" 200 OK
INFO:     127.0.0.1:56602 - "GET /api/corporate/hub?ticker=MSTR HTTP/1.1" 200 OK
INFO:     127.0.0.1:56604 - "GET /api/corporate/hub?ticker=VST HTTP/1.1" 200 OK
INFO:     127.0.0.1:56601 - "GET /api/corporate/hub?ticker=SLS HTTP/1.1" 200 OK
INFO:     127.0.0.1:56630 - "GET /api/corporate/hub?ticker=AMZN HTTP/1.1" 200 OK
INFO:     127.0.0.1:56646 - "GET /api/corporate/hub/short?ticker=AAPL HTTP/1.1" 200 OK
INFO:     127.0.0.1:56645 - "GET /api/corporate/hub/short?ticker=NVDA HTTP/1.1" 200 OK
INFO:     127.0.0.1:56647 - "GET /api/corporate/hub/short?ticker=SLS HTTP/1.1" 200 OK
INFO:     127.0.0.1:56649 - "GET /api/corporate/hub/short?ticker=TOST HTTP/1.1" 200 OK
INFO:     127.0.0.1:56650 - "GET /api/corporate/hub/short?ticker=VST HTTP/1.1" 200 OK
INFO:     127.0.0.1:56648 - "GET /api/corporate/hub/short?ticker=MSTR HTTP/1.1" 200 OK
INFO:     127.0.0.1:56662 - "GET /api/corporate/hub/short?ticker=AMZN HTTP/1.1" 200 OK
INFO:     127.0.0.1:56659 - "GET /api/corporate/hub/short?ticker=OWL HTTP/1.1" 200 OK
INFO:     127.0.0.1:56694 - "POST /api/portfolio/backtest HTTP/1.1" 200 OK
INFO:     127.0.0.1:56782 - "GET /api/rates/risk-free HTTP/1.1" 200 OK
INFO:     127.0.0.1:56781 - "GET /api/dcf/fundamentals?ticker=JOBY HTTP/1.1" 200 OK
INFO:     127.0.0.1:56792 - "GET /api/market/history?ticker=JOBY HTTP/1.1" 200 OK
INFO:     127.0.0.1:56795 - "GET /api/market/history?ticker=JOBY HTTP/1.1" 200 OK
WARNING:  WatchFiles detected changes in 'fmp.py'. Reloading...
INFO:     Shutting down
INFO:     Waiting for application shutdown.
INFO:     Application shutdown complete.
INFO:     Finished server process [92553]
INFO:     Started server process [92789]
INFO:     Waiting for application startup.
INFO:     Application startup complete.
WARNING:  WatchFiles detected changes in 'fmp.py'. Reloading...
INFO:     Shutting down
INFO:     Waiting for application shutdown.
INFO:     Application shutdown complete.
INFO:     Finished server process [92789]
INFO:     Started server process [92794]
INFO:     Waiting for application startup.
INFO:     Application startup complete.
WARNING:  WatchFiles detected changes in 'fmp.py'. Reloading...
INFO:     Shutting down
INFO:     Waiting for application shutdown.
INFO:     Application shutdown complete.
INFO:     Finished server process [92794]
INFO:     Started server process [92795]
INFO:     Waiting for application startup.
INFO:     Application startup complete.
WARNING:  WatchFiles detected changes in 'fmp.py'. Reloading...
INFO:     Shutting down
INFO:     Waiting for application shutdown.
INFO:     Application shutdown complete.
INFO:     Finished server process [92795]
INFO:     Started server process [92828]
INFO:     Waiting for application startup.
INFO:     Application startup complete.
INFO:     127.0.0.1:56841 - "GET /api/dcf/fundamentals?ticker=NVDA HTTP/1.1" 200 OK
INFO:     127.0.0.1:56842 - "GET /api/rates/risk-free HTTP/1.1" 200 OK
INFO:     127.0.0.1:56852 - "GET /api/market/history?ticker=NVDA HTTP/1.1" 200 OK
INFO:     127.0.0.1:56863 - "GET /api/rates/risk-free HTTP/1.1" 200 OK
INFO:     127.0.0.1:56864 - "GET /api/dcf/fundamentals?ticker=NVDA HTTP/1.1" 200 OK
INFO:     127.0.0.1:56889 - "GET /api/rates/risk-free HTTP/1.1" 200 OK
INFO:     127.0.0.1:56888 - "GET /api/dcf/fundamentals?ticker=NVDA HTTP/1.1" 200 OK
INFO:     127.0.0.1:56909 - "GET /api/rates/risk-free HTTP/1.1" 200 OK
INFO:     127.0.0.1:56908 - "GET /api/dcf/fundamentals?ticker=AAPL HTTP/1.1" 200 OK
INFO:     127.0.0.1:56915 - "GET /api/market/history?ticker=AAPL HTTP/1.1" 200 OK
INFO:     127.0.0.1:56922 - "GET /api/rates/risk-free HTTP/1.1" 200 OK
INFO:     127.0.0.1:56921 - "GET /api/dcf/fundamentals?ticker=NVDA HTTP/1.1" 200 OK
INFO:     127.0.0.1:56925 - "GET /api/market/history?ticker=NVDA HTTP/1.1" 200 OK
INFO:     127.0.0.1:56934 - "GET /api/rates/risk-free HTTP/1.1" 200 OK
INFO:     127.0.0.1:56933 - "GET /api/dcf/fundamentals?ticker=JOBY HTTP/1.1" 200 OK
INFO:     127.0.0.1:56943 - "GET /api/market/history?ticker=JOBY HTTP/1.1" 200 OK
INFO:     127.0.0.1:56947 - "GET /api/market/history?ticker=JOBY HTTP/1.1" 200 OK
INFO:     127.0.0.1:57008 - "GET /api/rates/risk-free HTTP/1.1" 200 OK
INFO:     127.0.0.1:57007 - "GET /api/dcf/fundamentals?ticker=AAPL HTTP/1.1" 200 OK
INFO:     127.0.0.1:57009 - "GET /api/market/history?ticker=AAPL HTTP/1.1" 200 OK
INFO:     127.0.0.1:57017 - "GET /api/rates/risk-free HTTP/1.1" 200 OK
INFO:     127.0.0.1:57016 - "GET /api/dcf/fundamentals?ticker=NVDA HTTP/1.1" 200 OK
INFO:     127.0.0.1:57020 - "GET /api/market/history?ticker=NVDA HTTP/1.1" 200 OK
INFO:     127.0.0.1:57027 - "GET /api/rates/risk-free HTTP/1.1" 200 OK
INFO:     127.0.0.1:57026 - "GET /api/dcf/fundamentals?ticker=JOBY HTTP/1.1" 200 OK
INFO:     127.0.0.1:57034 - "GET /api/market/history?ticker=JOBY HTTP/1.1" 200 OK
INFO:     127.0.0.1:57037 - "GET /api/market/history?ticker=JOBY HTTP/1.1" 200 OK
INFO:     127.0.0.1:57040 - "GET /api/market/history?ticker=JOBY HTTP/1.1" 200 OK
INFO:     127.0.0.1:57044 - "GET /api/market/history?ticker=JOBY HTTP/1.1" 200 OK
INFO:     127.0.0.1:57048 - "GET /api/market/history?ticker=JOBY HTTP/1.1" 200 OK
INFO:     127.0.0.1:57061 - "GET /api/rates/risk-free HTTP/1.1" 200 OK
INFO:     127.0.0.1:57060 - "GET /api/dcf/fundamentals?ticker=NVDA HTTP/1.1" 200 OK
INFO:     127.0.0.1:57064 - "GET /api/market/history?ticker=NVDA HTTP/1.1" 200 OK
INFO:     127.0.0.1:57113 - "GET /api/dcf/fundamentals?ticker=NVDA HTTP/1.1" 200 OK
INFO:     127.0.0.1:57114 - "GET /api/rates/risk-free HTTP/1.1" 200 OK
INFO:     127.0.0.1:57124 - "GET /api/rates/risk-free HTTP/1.1" 200 OK
INFO:     127.0.0.1:57123 - "GET /api/dcf/fundamentals?ticker=JOBY HTTP/1.1" 200 OK
INFO:     127.0.0.1:57131 - "GET /api/market/history?ticker=JOBY HTTP/1.1" 200 OK
INFO:     127.0.0.1:57135 - "GET /api/market/history?ticker=JOBY HTTP/1.1" 200 OK
INFO:     127.0.0.1:57139 - "GET /api/market/history?ticker=JOBY HTTP/1.1" 200 OK
INFO:     127.0.0.1:57142 - "GET /api/market/history?ticker=JOBY HTTP/1.1" 200 OK
INFO:     127.0.0.1:57149 - "GET /api/rates/risk-free HTTP/1.1" 200 OK
INFO:     127.0.0.1:57148 - "GET /api/dcf/fundamentals?ticker=NVDA HTTP/1.1" 200 OK
INFO:     127.0.0.1:57152 - "GET /api/market/history?ticker=NVDA HTTP/1.1" 200 OK
INFO:     127.0.0.1:57166 - "GET /api/market/history?ticker=NVDA HTTP/1.1" 200 OK
WARNING:  WatchFiles detected changes in 'main.py'. Reloading...
INFO:     Shutting down
INFO:     Waiting for application shutdown.
INFO:     Application shutdown complete.
INFO:     Finished server process [92828]
INFO:     Started server process [93596]
INFO:     Waiting for application startup.
INFO:     Application startup complete.
WARNING:  WatchFiles detected changes in 'routers/rates.py'. Reloading...
INFO:     Shutting down
INFO:     Waiting for application shutdown.
INFO:     Application shutdown complete.
INFO:     Finished server process [93596]
INFO:     Started server process [95983]
INFO:     Waiting for application startup.
INFO:     Application startup complete.
WARNING:  WatchFiles detected changes in 'routers/rates.py'. Reloading...
INFO:     Shutting down
INFO:     Waiting for application shutdown.
INFO:     Application shutdown complete.
INFO:     Finished server process [95983]
INFO:     Started server process [95984]
INFO:     Waiting for application startup.
INFO:     Application startup complete.
WARNING:  WatchFiles detected changes in 'routers/portfolio.py'. Reloading...
INFO:     Shutting down
INFO:     Waiting for application shutdown.
INFO:     Application shutdown complete.
INFO:     Finished server process [95984]
INFO:     Started server process [96001]
INFO:     Waiting for application startup.
INFO:     Application startup complete.
WARNING:  WatchFiles detected changes in 'routers/portfolio.py'. Reloading...
INFO:     Shutting down
INFO:     Waiting for application shutdown.
INFO:     Application shutdown complete.
INFO:     Finished server process [96001]
INFO:     Started server process [96002]
INFO:     Waiting for application startup.
INFO:     Application startup complete.
WARNING:  WatchFiles detected changes in 'routers/rates.py'. Reloading...
INFO:     Shutting down
INFO:     Waiting for application shutdown.
INFO:     Application shutdown complete.
INFO:     Finished server process [96002]
INFO:     Started server process [96285]
INFO:     Waiting for application startup.
INFO:     Application startup complete.
WARNING:  WatchFiles detected changes in 'routers/portfolio.py'. Reloading...
INFO:     Shutting down
INFO:     Waiting for application shutdown.
INFO:     Application shutdown complete.
INFO:     Finished server process [96285]
INFO:     Started server process [96286]
INFO:     Waiting for application startup.
INFO:     Application startup complete.
WARNING:  WatchFiles detected changes in 'validation.py'. Reloading...
INFO:     Shutting down
INFO:     Waiting for application shutdown.
INFO:     Application shutdown complete.
INFO:     Finished server process [96286]
INFO:     Started server process [96289]
INFO:     Waiting for application startup.
INFO:     Application startup complete.
WARNING:  WatchFiles detected changes in 'routers/bond.py'. Reloading...
INFO:     Shutting down
INFO:     Waiting for application shutdown.
INFO:     Application shutdown complete.
INFO:     Finished server process [96289]
INFO:     Started server process [96308]
INFO:     Waiting for application startup.
INFO:     Application startup complete.
WARNING:  WatchFiles detected changes in 'routers/bond.py'. Reloading...
INFO:     Shutting down
INFO:     Waiting for application shutdown.
INFO:     Application shutdown complete.
INFO:     Finished server process [96308]
INFO:     Started server process [96311]
INFO:     Waiting for application startup.
INFO:     Application startup complete.
WARNING:  WatchFiles detected changes in 'routers/correlation.py'. Reloading...
INFO:     Shutting down
INFO:     Waiting for application shutdown.
INFO:     Application shutdown complete.
INFO:     Finished server process [96311]
INFO:     Started server process [96327]
INFO:     Waiting for application startup.
INFO:     Application startup complete.
WARNING:  WatchFiles detected changes in 'routers/market.py'. Reloading...
INFO:     Shutting down
INFO:     Waiting for application shutdown.
INFO:     Application shutdown complete.
INFO:     Finished server process [96327]
INFO:     Started server process [96331]
INFO:     Waiting for application startup.
INFO:     Application startup complete.
WARNING:  WatchFiles detected changes in 'routers/market.py'. Reloading...
INFO:     Shutting down
INFO:     Waiting for application shutdown.
INFO:     Application shutdown complete.
INFO:     Finished server process [96331]
INFO:     Started server process [96332]
INFO:     Waiting for application startup.
INFO:     Application startup complete.
WARNING:  WatchFiles detected changes in 'routers/portfolio.py'. Reloading...
INFO:     Shutting down
INFO:     Waiting for application shutdown.
INFO:     Application shutdown complete.
INFO:     Finished server process [96332]
INFO:     Started server process [96339]
INFO:     Waiting for application startup.
INFO:     Application startup complete.
WARNING:  WatchFiles detected changes in 'routers/portfolio.py'. Reloading...
INFO:     Shutting down
INFO:     Waiting for application shutdown.
INFO:     Application shutdown complete.
INFO:     Finished server process [96339]
INFO:     Started server process [96341]
INFO:     Waiting for application startup.
INFO:     Application startup complete.
WARNING:  WatchFiles detected changes in 'routers/dcf.py'. Reloading...
INFO:     Shutting down
INFO:     Waiting for application shutdown.
INFO:     Application shutdown complete.
INFO:     Finished server process [96341]
WARNING:  WatchFiles detected changes in 'routers/dcf.py'. Reloading...
INFO:     Started server process [96346]
INFO:     Waiting for application startup.
INFO:     Application startup complete.
INFO:     Shutting down
INFO:     Waiting for application shutdown.
INFO:     Application shutdown complete.
INFO:     Finished server process [96346]
INFO:     Started server process [96348]
INFO:     Waiting for application startup.
INFO:     Application startup complete.
WARNING:  WatchFiles detected changes in 'routers/corporate.py'. Reloading...
INFO:     Shutting down
INFO:     Waiting for application shutdown.
INFO:     Application shutdown complete.
INFO:     Finished server process [96348]
INFO:     Started server process [96350]
INFO:     Waiting for application startup.
INFO:     Application startup complete.
WARNING:  WatchFiles detected changes in 'routers/corporate.py'. Reloading...
INFO:     Shutting down
INFO:     Waiting for application shutdown.
INFO:     Application shutdown complete.
INFO:     Finished server process [96350]
INFO:     Started server process [96354]
INFO:     Waiting for application startup.
INFO:     Application startup complete.
WARNING:  WatchFiles detected changes in 'routers/corporate.py'. Reloading...
INFO:     Shutting down
INFO:     Waiting for application shutdown.
INFO:     Application shutdown complete.
INFO:     Finished server process [96354]
INFO:     Started server process [96369]
INFO:     Waiting for application startup.
INFO:     Application startup complete.
WARNING:  WatchFiles detected changes in 'routers/corporate.py'. Reloading...
INFO:     Shutting down
INFO:     Waiting for application shutdown.
INFO:     Application shutdown complete.
INFO:     Finished server process [96369]
INFO:     Started server process [96377]
INFO:     Waiting for application startup.
INFO:     Application startup complete.
WARNING:  WatchFiles detected changes in 'routers/portfolio.py'. Reloading...
INFO:     Shutting down
INFO:     Waiting for application shutdown.
INFO:     Application shutdown complete.
INFO:     Finished server process [96377]
INFO:     Started server process [96380]
INFO:     Waiting for application startup.
INFO:     Application startup complete.
WARNING:  WatchFiles detected changes in 'routers/nav.py', 'routers/options.py', 'routers/probability.py', 'routers/strategy.py', 'routers/correlation.py', 'routers/portfolio.py', 'routers/dcf.py'. Reloading...
INFO:     Shutting down
INFO:     Waiting for application shutdown.
INFO:     Application shutdown complete.
INFO:     Finished server process [96380]
INFO:     Started server process [96402]
INFO:     Waiting for application startup.
INFO:     Application startup complete.
WARNING:  WatchFiles detected changes in 'routers/nav.py', 'routers/options.py', 'routers/strategy.py', 'routers/correlation.py', 'routers/probability.py', 'routers/portfolio.py', 'routers/dcf.py'. Reloading...
INFO:     Shutting down
INFO:     Waiting for application shutdown.
INFO:     Application shutdown complete.
INFO:     Finished server process [96402]
INFO:     Started server process [96437]
INFO:     Waiting for application startup.
INFO:     Application startup complete.
WARNING:  WatchFiles detected changes in 'routers/strategy.py'. Reloading...
INFO:     Shutting down
INFO:     Waiting for application shutdown.
INFO:     Application shutdown complete.
INFO:     Finished server process [96437]
INFO:     Started server process [96455]
INFO:     Waiting for application startup.
INFO:     Application startup complete.
WARNING:  WatchFiles detected changes in 'routers/strategy.py'. Reloading...
INFO:     Shutting down
INFO:     Waiting for application shutdown.
INFO:     Application shutdown complete.
INFO:     Finished server process [96455]
INFO:     Started server process [96458]
INFO:     Waiting for application startup.
INFO:     Application startup complete.
INFO:     127.0.0.1:57967 - "POST /api/nav/proxy HTTP/1.1" 200 OK
WARNING:  WatchFiles detected changes in 'main.py'. Reloading...
INFO:     Shutting down
INFO:     Waiting for application shutdown.
INFO:     Application shutdown complete.
INFO:     Finished server process [96458]
INFO:     Started server process [96471]
INFO:     Waiting for application startup.
INFO:     Application startup complete.
INFO:     127.0.0.1:57981 - "POST /api/portfolio/backtest HTTP/1.1" 200 OK
WARNING:  WatchFiles detected changes in 'routers/portfolio.py'. Reloading...
INFO:     Shutting down
INFO:     Waiting for application shutdown.
INFO:     Application shutdown complete.
INFO:     Finished server process [96471]
INFO:     Started server process [96489]
INFO:     Waiting for application startup.
INFO:     Application startup complete.
INFO:     127.0.0.1:58066 - "GET /api/market/history?ticker=SPY&start=2020-01-01&end=2024-12-31 HTTP/1.1" 200 OK
INFO:     127.0.0.1:58088 - "GET /api/corporate/hub?ticker=SLS HTTP/1.1" 200 OK
INFO:     127.0.0.1:58083 - "GET /api/corporate/hub?ticker=NVDA HTTP/1.1" 200 OK
INFO:     127.0.0.1:58090 - "GET /api/corporate/hub?ticker=TOST HTTP/1.1" 200 OK
INFO:     127.0.0.1:58091 - "GET /api/corporate/hub?ticker=VST HTTP/1.1" 200 OK
INFO:     127.0.0.1:58089 - "GET /api/corporate/hub?ticker=MSTR HTTP/1.1" 200 OK
INFO:     127.0.0.1:58087 - "GET /api/corporate/hub?ticker=AAPL HTTP/1.1" 200 OK
INFO:     127.0.0.1:58115 - "GET /api/corporate/hub?ticker=AMZN HTTP/1.1" 200 OK
INFO:     127.0.0.1:58112 - "GET /api/corporate/hub?ticker=OWL HTTP/1.1" 200 OK
INFO:     127.0.0.1:58137 - "GET /api/corporate/hub/short?ticker=VST HTTP/1.1" 200 OK
INFO:     127.0.0.1:58133 - "GET /api/corporate/hub/short?ticker=AAPL HTTP/1.1" 200 OK
INFO:     127.0.0.1:58135 - "GET /api/corporate/hub/short?ticker=MSTR HTTP/1.1" 200 OK
INFO:     127.0.0.1:58132 - "GET /api/corporate/hub/short?ticker=NVDA HTTP/1.1" 200 OK
INFO:     127.0.0.1:58134 - "GET /api/corporate/hub/short?ticker=SLS HTTP/1.1" 200 OK
INFO:     127.0.0.1:58136 - "GET /api/corporate/hub/short?ticker=TOST HTTP/1.1" 200 OK
INFO:     127.0.0.1:58148 - "GET /api/corporate/hub/short?ticker=AMZN HTTP/1.1" 200 OK
INFO:     127.0.0.1:58147 - "GET /api/corporate/hub/short?ticker=OWL HTTP/1.1" 200 OK
INFO:     127.0.0.1:58161 - "GET /api/corporate/hub?ticker=NVDA HTTP/1.1" 200 OK
INFO:     127.0.0.1:58162 - "GET /api/corporate/hub?ticker=AAPL HTTP/1.1" 200 OK
INFO:     127.0.0.1:58163 - "GET /api/corporate/hub?ticker=SLS HTTP/1.1" 200 OK
INFO:     127.0.0.1:58164 - "GET /api/corporate/hub?ticker=MSTR HTTP/1.1" 200 OK
INFO:     127.0.0.1:58166 - "GET /api/corporate/hub?ticker=VST HTTP/1.1" 200 OK
INFO:     127.0.0.1:58165 - "GET /api/corporate/hub?ticker=TOST HTTP/1.1" 200 OK
INFO:     127.0.0.1:58171 - "GET /api/corporate/hub?ticker=OWL HTTP/1.1" 200 OK
INFO:     127.0.0.1:58172 - "GET /api/corporate/hub?ticker=AMZN HTTP/1.1" 200 OK
INFO:     127.0.0.1:58185 - "GET /api/corporate/hub/short?ticker=NVDA HTTP/1.1" 200 OK
INFO:     127.0.0.1:58186 - "GET /api/corporate/hub/short?ticker=AAPL HTTP/1.1" 200 OK
INFO:     127.0.0.1:58187 - "GET /api/corporate/hub/short?ticker=SLS HTTP/1.1" 200 OK
INFO:     127.0.0.1:58188 - "GET /api/corporate/hub/short?ticker=MSTR HTTP/1.1" 200 OK
INFO:     127.0.0.1:58189 - "GET /api/corporate/hub/short?ticker=TOST HTTP/1.1" 200 OK
INFO:     127.0.0.1:58190 - "GET /api/corporate/hub/short?ticker=VST HTTP/1.1" 200 OK
INFO:     127.0.0.1:58199 - "GET /api/corporate/hub/short?ticker=OWL HTTP/1.1" 200 OK
INFO:     127.0.0.1:58202 - "GET /api/corporate/hub/short?ticker=AMZN HTTP/1.1" 200 OK
INFO:     127.0.0.1:58211 - "GET /api/corporate/hub/insider?ticker=TOST HTTP/1.1" 500 Internal Server Error
ERROR:    Exception in ASGI application
Traceback (most recent call last):
  File "/Users/willneedlman/finance_dashboard/venv/lib/python3.13/site-packages/uvicorn/protocols/http/httptools_impl.py", line 421, in run_asgi
    result = await app(  # type: ignore[func-returns-value]
             ^^^^^^^^^^^^^^^^^^^^^^^^^^^^^^^^^^^^^^^^^^^^^^
        self.scope, self.receive, self.send
        ^^^^^^^^^^^^^^^^^^^^^^^^^^^^^^^^^^^
    )
    ^
  File "/Users/willneedlman/finance_dashboard/venv/lib/python3.13/site-packages/uvicorn/middleware/proxy_headers.py", line 63, in __call__
    return await self.app(scope, receive, send)
           ^^^^^^^^^^^^^^^^^^^^^^^^^^^^^^^^^^^^
  File "/Users/willneedlman/finance_dashboard/venv/lib/python3.13/site-packages/fastapi/applications.py", line 1159, in __call__
    await super().__call__(scope, receive, send)
  File "/Users/willneedlman/finance_dashboard/venv/lib/python3.13/site-packages/starlette/applications.py", line 90, in __call__
    await self.middleware_stack(scope, receive, send)
  File "/Users/willneedlman/finance_dashboard/venv/lib/python3.13/site-packages/starlette/middleware/errors.py", line 186, in __call__
    raise exc
  File "/Users/willneedlman/finance_dashboard/venv/lib/python3.13/site-packages/starlette/middleware/errors.py", line 164, in __call__
    await self.app(scope, receive, _send)
  File "/Users/willneedlman/finance_dashboard/venv/lib/python3.13/site-packages/starlette/middleware/base.py", line 191, in __call__
    with recv_stream, send_stream, collapse_excgroups():
                                   ~~~~~~~~~~~~~~~~~~^^
  File "/Library/Frameworks/Python.framework/Versions/3.13/lib/python3.13/contextlib.py", line 162, in __exit__
    self.gen.throw(value)
    ~~~~~~~~~~~~~~^^^^^^^
  File "/Users/willneedlman/finance_dashboard/venv/lib/python3.13/site-packages/starlette/_utils.py", line 87, in collapse_excgroups
    raise exc
  File "/Users/willneedlman/finance_dashboard/venv/lib/python3.13/site-packages/starlette/middleware/base.py", line 193, in __call__
    response = await self.dispatch_func(request, call_next)
               ^^^^^^^^^^^^^^^^^^^^^^^^^^^^^^^^^^^^^^^^^^^^
  File "/Users/willneedlman/finance_dashboard/backend/main.py", line 32, in dispatch
    response = await call_next(request)
               ^^^^^^^^^^^^^^^^^^^^^^^^
  File "/Users/willneedlman/finance_dashboard/venv/lib/python3.13/site-packages/starlette/middleware/base.py", line 168, in call_next
    raise app_exc from app_exc.__cause__ or app_exc.__context__
  File "/Users/willneedlman/finance_dashboard/venv/lib/python3.13/site-packages/starlette/middleware/base.py", line 144, in coro
    await self.app(scope, receive_or_disconnect, send_no_error)
  File "/Users/willneedlman/finance_dashboard/venv/lib/python3.13/site-packages/starlette/middleware/cors.py", line 88, in __call__
    await self.app(scope, receive, send)
  File "/Users/willneedlman/finance_dashboard/venv/lib/python3.13/site-packages/starlette/middleware/exceptions.py", line 63, in __call__
    await wrap_app_handling_exceptions(self.app, conn)(scope, receive, send)
  File "/Users/willneedlman/finance_dashboard/venv/lib/python3.13/site-packages/starlette/_exception_handler.py", line 53, in wrapped_app
    raise exc
  File "/Users/willneedlman/finance_dashboard/venv/lib/python3.13/site-packages/starlette/_exception_handler.py", line 42, in wrapped_app
    await app(scope, receive, sender)
  File "/Users/willneedlman/finance_dashboard/venv/lib/python3.13/site-packages/fastapi/middleware/asyncexitstack.py", line 18, in __call__
    await self.app(scope, receive, send)
  File "/Users/willneedlman/finance_dashboard/venv/lib/python3.13/site-packages/starlette/routing.py", line 660, in __call__
    await self.middleware_stack(scope, receive, send)
  File "/Users/willneedlman/finance_dashboard/venv/lib/python3.13/site-packages/starlette/routing.py", line 680, in app
    await route.handle(scope, receive, send)
  File "/Users/willneedlman/finance_dashboard/venv/lib/python3.13/site-packages/starlette/routing.py", line 276, in handle
    await self.app(scope, receive, send)
  File "/Users/willneedlman/finance_dashboard/venv/lib/python3.13/site-packages/fastapi/routing.py", line 134, in app
    await wrap_app_handling_exceptions(app, request)(scope, receive, send)
  File "/Users/willneedlman/finance_dashboard/venv/lib/python3.13/site-packages/starlette/_exception_handler.py", line 53, in wrapped_app
    raise exc
  File "/Users/willneedlman/finance_dashboard/venv/lib/python3.13/site-packages/starlette/_exception_handler.py", line 42, in wrapped_app
    await app(scope, receive, sender)
  File "/Users/willneedlman/finance_dashboard/venv/lib/python3.13/site-packages/fastapi/routing.py", line 120, in app
    response = await f(request)
               ^^^^^^^^^^^^^^^^
  File "/Users/willneedlman/finance_dashboard/venv/lib/python3.13/site-packages/fastapi/routing.py", line 715, in app
    response = actual_response_class(content, **response_args)
  File "/Users/willneedlman/finance_dashboard/venv/lib/python3.13/site-packages/starlette/responses.py", line 192, in __init__
    super().__init__(content, status_code, headers, media_type, background)
    ~~~~~~~~~~~~~~~~^^^^^^^^^^^^^^^^^^^^^^^^^^^^^^^^^^^^^^^^^^^^^^^^^^^^^^^
  File "/Users/willneedlman/finance_dashboard/venv/lib/python3.13/site-packages/starlette/responses.py", line 45, in __init__
    self.body = self.render(content)
                ~~~~~~~~~~~^^^^^^^^^
  File "/Users/willneedlman/finance_dashboard/venv/lib/python3.13/site-packages/starlette/responses.py", line 195, in render
    return json.dumps(
           ~~~~~~~~~~^
        content,
        ^^^^^^^^
    ...<3 lines>...
        separators=(",", ":"),
        ^^^^^^^^^^^^^^^^^^^^^^
    ).encode("utf-8")
    ^
  File "/Library/Frameworks/Python.framework/Versions/3.13/lib/python3.13/json/__init__.py", line 238, in dumps
    **kw).encode(obj)
          ~~~~~~^^^^^
  File "/Library/Frameworks/Python.framework/Versions/3.13/lib/python3.13/json/encoder.py", line 200, in encode
    chunks = self.iterencode(o, _one_shot=True)
  File "/Library/Frameworks/Python.framework/Versions/3.13/lib/python3.13/json/encoder.py", line 261, in iterencode
    return _iterencode(o, 0)
ValueError: Out of range float values are not JSON compliant: nan
INFO:     127.0.0.1:58203 - "GET /api/corporate/hub/insider?ticker=NVDA HTTP/1.1" 200 OK
INFO:     127.0.0.1:58204 - "GET /api/corporate/hub/insider?ticker=AAPL HTTP/1.1" 500 Internal Server Error
ERROR:    Exception in ASGI application
Traceback (most recent call last):
  File "/Users/willneedlman/finance_dashboard/venv/lib/python3.13/site-packages/uvicorn/protocols/http/httptools_impl.py", line 421, in run_asgi
    result = await app(  # type: ignore[func-returns-value]
             ^^^^^^^^^^^^^^^^^^^^^^^^^^^^^^^^^^^^^^^^^^^^^^
        self.scope, self.receive, self.send
        ^^^^^^^^^^^^^^^^^^^^^^^^^^^^^^^^^^^
    )
    ^
  File "/Users/willneedlman/finance_dashboard/venv/lib/python3.13/site-packages/uvicorn/middleware/proxy_headers.py", line 63, in __call__
    return await self.app(scope, receive, send)
           ^^^^^^^^^^^^^^^^^^^^^^^^^^^^^^^^^^^^
  File "/Users/willneedlman/finance_dashboard/venv/lib/python3.13/site-packages/fastapi/applications.py", line 1159, in __call__
    await super().__call__(scope, receive, send)
  File "/Users/willneedlman/finance_dashboard/venv/lib/python3.13/site-packages/starlette/applications.py", line 90, in __call__
    await self.middleware_stack(scope, receive, send)
  File "/Users/willneedlman/finance_dashboard/venv/lib/python3.13/site-packages/starlette/middleware/errors.py", line 186, in __call__
    raise exc
  File "/Users/willneedlman/finance_dashboard/venv/lib/python3.13/site-packages/starlette/middleware/errors.py", line 164, in __call__
    await self.app(scope, receive, _send)
  File "/Users/willneedlman/finance_dashboard/venv/lib/python3.13/site-packages/starlette/middleware/base.py", line 191, in __call__
    with recv_stream, send_stream, collapse_excgroups():
                                   ~~~~~~~~~~~~~~~~~~^^
  File "/Library/Frameworks/Python.framework/Versions/3.13/lib/python3.13/contextlib.py", line 162, in __exit__
    self.gen.throw(value)
    ~~~~~~~~~~~~~~^^^^^^^
  File "/Users/willneedlman/finance_dashboard/venv/lib/python3.13/site-packages/starlette/_utils.py", line 87, in collapse_excgroups
    raise exc
  File "/Users/willneedlman/finance_dashboard/venv/lib/python3.13/site-packages/starlette/middleware/base.py", line 193, in __call__
    response = await self.dispatch_func(request, call_next)
               ^^^^^^^^^^^^^^^^^^^^^^^^^^^^^^^^^^^^^^^^^^^^
  File "/Users/willneedlman/finance_dashboard/backend/main.py", line 32, in dispatch
    response = await call_next(request)
               ^^^^^^^^^^^^^^^^^^^^^^^^
  File "/Users/willneedlman/finance_dashboard/venv/lib/python3.13/site-packages/starlette/middleware/base.py", line 168, in call_next
    raise app_exc from app_exc.__cause__ or app_exc.__context__
  File "/Users/willneedlman/finance_dashboard/venv/lib/python3.13/site-packages/starlette/middleware/base.py", line 144, in coro
    await self.app(scope, receive_or_disconnect, send_no_error)
  File "/Users/willneedlman/finance_dashboard/venv/lib/python3.13/site-packages/starlette/middleware/cors.py", line 88, in __call__
    await self.app(scope, receive, send)
  File "/Users/willneedlman/finance_dashboard/venv/lib/python3.13/site-packages/starlette/middleware/exceptions.py", line 63, in __call__
    await wrap_app_handling_exceptions(self.app, conn)(scope, receive, send)
  File "/Users/willneedlman/finance_dashboard/venv/lib/python3.13/site-packages/starlette/_exception_handler.py", line 53, in wrapped_app
    raise exc
  File "/Users/willneedlman/finance_dashboard/venv/lib/python3.13/site-packages/starlette/_exception_handler.py", line 42, in wrapped_app
    await app(scope, receive, sender)
  File "/Users/willneedlman/finance_dashboard/venv/lib/python3.13/site-packages/fastapi/middleware/asyncexitstack.py", line 18, in __call__
    await self.app(scope, receive, send)
  File "/Users/willneedlman/finance_dashboard/venv/lib/python3.13/site-packages/starlette/routing.py", line 660, in __call__
    await self.middleware_stack(scope, receive, send)
  File "/Users/willneedlman/finance_dashboard/venv/lib/python3.13/site-packages/starlette/routing.py", line 680, in app
    await route.handle(scope, receive, send)
  File "/Users/willneedlman/finance_dashboard/venv/lib/python3.13/site-packages/starlette/routing.py", line 276, in handle
    await self.app(scope, receive, send)
  File "/Users/willneedlman/finance_dashboard/venv/lib/python3.13/site-packages/fastapi/routing.py", line 134, in app
    await wrap_app_handling_exceptions(app, request)(scope, receive, send)
  File "/Users/willneedlman/finance_dashboard/venv/lib/python3.13/site-packages/starlette/_exception_handler.py", line 53, in wrapped_app
    raise exc
  File "/Users/willneedlman/finance_dashboard/venv/lib/python3.13/site-packages/starlette/_exception_handler.py", line 42, in wrapped_app
    await app(scope, receive, sender)
  File "/Users/willneedlman/finance_dashboard/venv/lib/python3.13/site-packages/fastapi/routing.py", line 120, in app
    response = await f(request)
               ^^^^^^^^^^^^^^^^
  File "/Users/willneedlman/finance_dashboard/venv/lib/python3.13/site-packages/fastapi/routing.py", line 715, in app
    response = actual_response_class(content, **response_args)
  File "/Users/willneedlman/finance_dashboard/venv/lib/python3.13/site-packages/starlette/responses.py", line 192, in __init__
    super().__init__(content, status_code, headers, media_type, background)
    ~~~~~~~~~~~~~~~~^^^^^^^^^^^^^^^^^^^^^^^^^^^^^^^^^^^^^^^^^^^^^^^^^^^^^^^
  File "/Users/willneedlman/finance_dashboard/venv/lib/python3.13/site-packages/starlette/responses.py", line 45, in __init__
    self.body = self.render(content)
                ~~~~~~~~~~~^^^^^^^^^
  File "/Users/willneedlman/finance_dashboard/venv/lib/python3.13/site-packages/starlette/responses.py", line 195, in render
    return json.dumps(
           ~~~~~~~~~~^
        content,
        ^^^^^^^^
    ...<3 lines>...
        separators=(",", ":"),
        ^^^^^^^^^^^^^^^^^^^^^^
    ).encode("utf-8")
    ^
  File "/Library/Frameworks/Python.framework/Versions/3.13/lib/python3.13/json/__init__.py", line 238, in dumps
    **kw).encode(obj)
          ~~~~~~^^^^^
  File "/Library/Frameworks/Python.framework/Versions/3.13/lib/python3.13/json/encoder.py", line 200, in encode
    chunks = self.iterencode(o, _one_shot=True)
  File "/Library/Frameworks/Python.framework/Versions/3.13/lib/python3.13/json/encoder.py", line 261, in iterencode
    return _iterencode(o, 0)
ValueError: Out of range float values are not JSON compliant: nan
INFO:     127.0.0.1:58208 - "GET /api/corporate/hub/insider?ticker=MSTR HTTP/1.1" 500 Internal Server Error
ERROR:    Exception in ASGI application
Traceback (most recent call last):
  File "/Users/willneedlman/finance_dashboard/venv/lib/python3.13/site-packages/uvicorn/protocols/http/httptools_impl.py", line 421, in run_asgi
    result = await app(  # type: ignore[func-returns-value]
             ^^^^^^^^^^^^^^^^^^^^^^^^^^^^^^^^^^^^^^^^^^^^^^
        self.scope, self.receive, self.send
        ^^^^^^^^^^^^^^^^^^^^^^^^^^^^^^^^^^^
    )
    ^
  File "/Users/willneedlman/finance_dashboard/venv/lib/python3.13/site-packages/uvicorn/middleware/proxy_headers.py", line 63, in __call__
    return await self.app(scope, receive, send)
           ^^^^^^^^^^^^^^^^^^^^^^^^^^^^^^^^^^^^
  File "/Users/willneedlman/finance_dashboard/venv/lib/python3.13/site-packages/fastapi/applications.py", line 1159, in __call__
    await super().__call__(scope, receive, send)
  File "/Users/willneedlman/finance_dashboard/venv/lib/python3.13/site-packages/starlette/applications.py", line 90, in __call__
    await self.middleware_stack(scope, receive, send)
  File "/Users/willneedlman/finance_dashboard/venv/lib/python3.13/site-packages/starlette/middleware/errors.py", line 186, in __call__
    raise exc
  File "/Users/willneedlman/finance_dashboard/venv/lib/python3.13/site-packages/starlette/middleware/errors.py", line 164, in __call__
    await self.app(scope, receive, _send)
  File "/Users/willneedlman/finance_dashboard/venv/lib/python3.13/site-packages/starlette/middleware/base.py", line 191, in __call__
    with recv_stream, send_stream, collapse_excgroups():
                                   ~~~~~~~~~~~~~~~~~~^^
  File "/Library/Frameworks/Python.framework/Versions/3.13/lib/python3.13/contextlib.py", line 162, in __exit__
    self.gen.throw(value)
    ~~~~~~~~~~~~~~^^^^^^^
  File "/Users/willneedlman/finance_dashboard/venv/lib/python3.13/site-packages/starlette/_utils.py", line 87, in collapse_excgroups
    raise exc
  File "/Users/willneedlman/finance_dashboard/venv/lib/python3.13/site-packages/starlette/middleware/base.py", line 193, in __call__
    response = await self.dispatch_func(request, call_next)
               ^^^^^^^^^^^^^^^^^^^^^^^^^^^^^^^^^^^^^^^^^^^^
  File "/Users/willneedlman/finance_dashboard/backend/main.py", line 32, in dispatch
    response = await call_next(request)
               ^^^^^^^^^^^^^^^^^^^^^^^^
  File "/Users/willneedlman/finance_dashboard/venv/lib/python3.13/site-packages/starlette/middleware/base.py", line 168, in call_next
    raise app_exc from app_exc.__cause__ or app_exc.__context__
  File "/Users/willneedlman/finance_dashboard/venv/lib/python3.13/site-packages/starlette/middleware/base.py", line 144, in coro
    await self.app(scope, receive_or_disconnect, send_no_error)
  File "/Users/willneedlman/finance_dashboard/venv/lib/python3.13/site-packages/starlette/middleware/cors.py", line 88, in __call__
    await self.app(scope, receive, send)
  File "/Users/willneedlman/finance_dashboard/venv/lib/python3.13/site-packages/starlette/middleware/exceptions.py", line 63, in __call__
    await wrap_app_handling_exceptions(self.app, conn)(scope, receive, send)
  File "/Users/willneedlman/finance_dashboard/venv/lib/python3.13/site-packages/starlette/_exception_handler.py", line 53, in wrapped_app
    raise exc
  File "/Users/willneedlman/finance_dashboard/venv/lib/python3.13/site-packages/starlette/_exception_handler.py", line 42, in wrapped_app
    await app(scope, receive, sender)
  File "/Users/willneedlman/finance_dashboard/venv/lib/python3.13/site-packages/fastapi/middleware/asyncexitstack.py", line 18, in __call__
    await self.app(scope, receive, send)
  File "/Users/willneedlman/finance_dashboard/venv/lib/python3.13/site-packages/starlette/routing.py", line 660, in __call__
    await self.middleware_stack(scope, receive, send)
  File "/Users/willneedlman/finance_dashboard/venv/lib/python3.13/site-packages/starlette/routing.py", line 680, in app
    await route.handle(scope, receive, send)
  File "/Users/willneedlman/finance_dashboard/venv/lib/python3.13/site-packages/starlette/routing.py", line 276, in handle
    await self.app(scope, receive, send)
  File "/Users/willneedlman/finance_dashboard/venv/lib/python3.13/site-packages/fastapi/routing.py", line 134, in app
    await wrap_app_handling_exceptions(app, request)(scope, receive, send)
  File "/Users/willneedlman/finance_dashboard/venv/lib/python3.13/site-packages/starlette/_exception_handler.py", line 53, in wrapped_app
    raise exc
  File "/Users/willneedlman/finance_dashboard/venv/lib/python3.13/site-packages/starlette/_exception_handler.py", line 42, in wrapped_app
    await app(scope, receive, sender)
  File "/Users/willneedlman/finance_dashboard/venv/lib/python3.13/site-packages/fastapi/routing.py", line 120, in app
    response = await f(request)
               ^^^^^^^^^^^^^^^^
  File "/Users/willneedlman/finance_dashboard/venv/lib/python3.13/site-packages/fastapi/routing.py", line 715, in app
    response = actual_response_class(content, **response_args)
  File "/Users/willneedlman/finance_dashboard/venv/lib/python3.13/site-packages/starlette/responses.py", line 192, in __init__
    super().__init__(content, status_code, headers, media_type, background)
    ~~~~~~~~~~~~~~~~^^^^^^^^^^^^^^^^^^^^^^^^^^^^^^^^^^^^^^^^^^^^^^^^^^^^^^^
  File "/Users/willneedlman/finance_dashboard/venv/lib/python3.13/site-packages/starlette/responses.py", line 45, in __init__
    self.body = self.render(content)
                ~~~~~~~~~~~^^^^^^^^^
  File "/Users/willneedlman/finance_dashboard/venv/lib/python3.13/site-packages/starlette/responses.py", line 195, in render
    return json.dumps(
           ~~~~~~~~~~^
        content,
        ^^^^^^^^
    ...<3 lines>...
        separators=(",", ":"),
        ^^^^^^^^^^^^^^^^^^^^^^
    ).encode("utf-8")
    ^
  File "/Library/Frameworks/Python.framework/Versions/3.13/lib/python3.13/json/__init__.py", line 238, in dumps
    **kw).encode(obj)
          ~~~~~~^^^^^
  File "/Library/Frameworks/Python.framework/Versions/3.13/lib/python3.13/json/encoder.py", line 200, in encode
    chunks = self.iterencode(o, _one_shot=True)
  File "/Library/Frameworks/Python.framework/Versions/3.13/lib/python3.13/json/encoder.py", line 261, in iterencode
    return _iterencode(o, 0)
ValueError: Out of range float values are not JSON compliant: nan
INFO:     127.0.0.1:58205 - "GET /api/corporate/hub/insider?ticker=SLS HTTP/1.1" 200 OK
INFO:     127.0.0.1:58214 - "GET /api/corporate/hub/insider?ticker=VST HTTP/1.1" 200 OK
INFO:     127.0.0.1:58217 - "GET /api/corporate/hub/insider?ticker=OWL HTTP/1.1" 200 OK
INFO:     127.0.0.1:58220 - "GET /api/corporate/hub/insider?ticker=AMZN HTTP/1.1" 500 Internal Server Error
ERROR:    Exception in ASGI application
Traceback (most recent call last):
  File "/Users/willneedlman/finance_dashboard/venv/lib/python3.13/site-packages/uvicorn/protocols/http/httptools_impl.py", line 421, in run_asgi
    result = await app(  # type: ignore[func-returns-value]
             ^^^^^^^^^^^^^^^^^^^^^^^^^^^^^^^^^^^^^^^^^^^^^^
        self.scope, self.receive, self.send
        ^^^^^^^^^^^^^^^^^^^^^^^^^^^^^^^^^^^
    )
    ^
  File "/Users/willneedlman/finance_dashboard/venv/lib/python3.13/site-packages/uvicorn/middleware/proxy_headers.py", line 63, in __call__
    return await self.app(scope, receive, send)
           ^^^^^^^^^^^^^^^^^^^^^^^^^^^^^^^^^^^^
  File "/Users/willneedlman/finance_dashboard/venv/lib/python3.13/site-packages/fastapi/applications.py", line 1159, in __call__
    await super().__call__(scope, receive, send)
  File "/Users/willneedlman/finance_dashboard/venv/lib/python3.13/site-packages/starlette/applications.py", line 90, in __call__
    await self.middleware_stack(scope, receive, send)
  File "/Users/willneedlman/finance_dashboard/venv/lib/python3.13/site-packages/starlette/middleware/errors.py", line 186, in __call__
    raise exc
  File "/Users/willneedlman/finance_dashboard/venv/lib/python3.13/site-packages/starlette/middleware/errors.py", line 164, in __call__
    await self.app(scope, receive, _send)
  File "/Users/willneedlman/finance_dashboard/venv/lib/python3.13/site-packages/starlette/middleware/base.py", line 191, in __call__
    with recv_stream, send_stream, collapse_excgroups():
                                   ~~~~~~~~~~~~~~~~~~^^
  File "/Library/Frameworks/Python.framework/Versions/3.13/lib/python3.13/contextlib.py", line 162, in __exit__
    self.gen.throw(value)
    ~~~~~~~~~~~~~~^^^^^^^
  File "/Users/willneedlman/finance_dashboard/venv/lib/python3.13/site-packages/starlette/_utils.py", line 87, in collapse_excgroups
    raise exc
  File "/Users/willneedlman/finance_dashboard/venv/lib/python3.13/site-packages/starlette/middleware/base.py", line 193, in __call__
    response = await self.dispatch_func(request, call_next)
               ^^^^^^^^^^^^^^^^^^^^^^^^^^^^^^^^^^^^^^^^^^^^
  File "/Users/willneedlman/finance_dashboard/backend/main.py", line 32, in dispatch
    response = await call_next(request)
               ^^^^^^^^^^^^^^^^^^^^^^^^
  File "/Users/willneedlman/finance_dashboard/venv/lib/python3.13/site-packages/starlette/middleware/base.py", line 168, in call_next
    raise app_exc from app_exc.__cause__ or app_exc.__context__
  File "/Users/willneedlman/finance_dashboard/venv/lib/python3.13/site-packages/starlette/middleware/base.py", line 144, in coro
    await self.app(scope, receive_or_disconnect, send_no_error)
  File "/Users/willneedlman/finance_dashboard/venv/lib/python3.13/site-packages/starlette/middleware/cors.py", line 88, in __call__
    await self.app(scope, receive, send)
  File "/Users/willneedlman/finance_dashboard/venv/lib/python3.13/site-packages/starlette/middleware/exceptions.py", line 63, in __call__
    await wrap_app_handling_exceptions(self.app, conn)(scope, receive, send)
  File "/Users/willneedlman/finance_dashboard/venv/lib/python3.13/site-packages/starlette/_exception_handler.py", line 53, in wrapped_app
    raise exc
  File "/Users/willneedlman/finance_dashboard/venv/lib/python3.13/site-packages/starlette/_exception_handler.py", line 42, in wrapped_app
    await app(scope, receive, sender)
  File "/Users/willneedlman/finance_dashboard/venv/lib/python3.13/site-packages/fastapi/middleware/asyncexitstack.py", line 18, in __call__
    await self.app(scope, receive, send)
  File "/Users/willneedlman/finance_dashboard/venv/lib/python3.13/site-packages/starlette/routing.py", line 660, in __call__
    await self.middleware_stack(scope, receive, send)
  File "/Users/willneedlman/finance_dashboard/venv/lib/python3.13/site-packages/starlette/routing.py", line 680, in app
    await route.handle(scope, receive, send)
  File "/Users/willneedlman/finance_dashboard/venv/lib/python3.13/site-packages/starlette/routing.py", line 276, in handle
    await self.app(scope, receive, send)
  File "/Users/willneedlman/finance_dashboard/venv/lib/python3.13/site-packages/fastapi/routing.py", line 134, in app
    await wrap_app_handling_exceptions(app, request)(scope, receive, send)
  File "/Users/willneedlman/finance_dashboard/venv/lib/python3.13/site-packages/starlette/_exception_handler.py", line 53, in wrapped_app
    raise exc
  File "/Users/willneedlman/finance_dashboard/venv/lib/python3.13/site-packages/starlette/_exception_handler.py", line 42, in wrapped_app
    await app(scope, receive, sender)
  File "/Users/willneedlman/finance_dashboard/venv/lib/python3.13/site-packages/fastapi/routing.py", line 120, in app
    response = await f(request)
               ^^^^^^^^^^^^^^^^
  File "/Users/willneedlman/finance_dashboard/venv/lib/python3.13/site-packages/fastapi/routing.py", line 715, in app
    response = actual_response_class(content, **response_args)
  File "/Users/willneedlman/finance_dashboard/venv/lib/python3.13/site-packages/starlette/responses.py", line 192, in __init__
    super().__init__(content, status_code, headers, media_type, background)
    ~~~~~~~~~~~~~~~~^^^^^^^^^^^^^^^^^^^^^^^^^^^^^^^^^^^^^^^^^^^^^^^^^^^^^^^
  File "/Users/willneedlman/finance_dashboard/venv/lib/python3.13/site-packages/starlette/responses.py", line 45, in __init__
    self.body = self.render(content)
                ~~~~~~~~~~~^^^^^^^^^
  File "/Users/willneedlman/finance_dashboard/venv/lib/python3.13/site-packages/starlette/responses.py", line 195, in render
    return json.dumps(
           ~~~~~~~~~~^
        content,
        ^^^^^^^^
    ...<3 lines>...
        separators=(",", ":"),
        ^^^^^^^^^^^^^^^^^^^^^^
    ).encode("utf-8")
    ^
  File "/Library/Frameworks/Python.framework/Versions/3.13/lib/python3.13/json/__init__.py", line 238, in dumps
    **kw).encode(obj)
          ~~~~~~^^^^^
  File "/Library/Frameworks/Python.framework/Versions/3.13/lib/python3.13/json/encoder.py", line 200, in encode
    chunks = self.iterencode(o, _one_shot=True)
  File "/Library/Frameworks/Python.framework/Versions/3.13/lib/python3.13/json/encoder.py", line 261, in iterencode
    return _iterencode(o, 0)
ValueError: Out of range float values are not JSON compliant: nan
INFO:     127.0.0.1:58233 - "GET /api/corporate/hub?ticker=NVDA HTTP/1.1" 200 OK
INFO:     127.0.0.1:58234 - "GET /api/corporate/hub?ticker=AAPL HTTP/1.1" 200 OK
INFO:     127.0.0.1:58235 - "GET /api/corporate/hub?ticker=SLS HTTP/1.1" 200 OK
INFO:     127.0.0.1:58236 - "GET /api/corporate/hub?ticker=MSTR HTTP/1.1" 200 OK
INFO:     127.0.0.1:58237 - "GET /api/corporate/hub?ticker=TOST HTTP/1.1" 200 OK
INFO:     127.0.0.1:58238 - "GET /api/corporate/hub?ticker=VST HTTP/1.1" 200 OK
INFO:     127.0.0.1:58243 - "GET /api/corporate/hub?ticker=OWL HTTP/1.1" 200 OK
INFO:     127.0.0.1:58244 - "GET /api/corporate/hub?ticker=AMZN HTTP/1.1" 200 OK
INFO:     127.0.0.1:58254 - "GET /api/corporate/hub/short?ticker=NVDA HTTP/1.1" 200 OK
INFO:     127.0.0.1:58258 - "GET /api/corporate/hub/short?ticker=AAPL HTTP/1.1" 200 OK
INFO:     127.0.0.1:58259 - "GET /api/corporate/hub/short?ticker=SLS HTTP/1.1" 200 OK
INFO:     127.0.0.1:58260 - "GET /api/corporate/hub/short?ticker=MSTR HTTP/1.1" 200 OK
INFO:     127.0.0.1:58263 - "GET /api/corporate/hub/short?ticker=TOST HTTP/1.1" 200 OK
INFO:     127.0.0.1:58264 - "GET /api/corporate/hub/short?ticker=VST HTTP/1.1" 200 OK
INFO:     127.0.0.1:58268 - "GET /api/corporate/hub/short?ticker=OWL HTTP/1.1" 200 OK
INFO:     127.0.0.1:58270 - "GET /api/corporate/hub/short?ticker=AMZN HTTP/1.1" 200 OK
INFO:     127.0.0.1:58273 - "GET /api/corporate/hub/insider?ticker=NVDA HTTP/1.1" 200 OK
INFO:     127.0.0.1:58277 - "GET /api/corporate/hub/insider?ticker=AAPL HTTP/1.1" 500 Internal Server Error
ERROR:    Exception in ASGI application
Traceback (most recent call last):
  File "/Users/willneedlman/finance_dashboard/venv/lib/python3.13/site-packages/uvicorn/protocols/http/httptools_impl.py", line 421, in run_asgi
    result = await app(  # type: ignore[func-returns-value]
             ^^^^^^^^^^^^^^^^^^^^^^^^^^^^^^^^^^^^^^^^^^^^^^
        self.scope, self.receive, self.send
        ^^^^^^^^^^^^^^^^^^^^^^^^^^^^^^^^^^^
    )
    ^
  File "/Users/willneedlman/finance_dashboard/venv/lib/python3.13/site-packages/uvicorn/middleware/proxy_headers.py", line 63, in __call__
    return await self.app(scope, receive, send)
           ^^^^^^^^^^^^^^^^^^^^^^^^^^^^^^^^^^^^
  File "/Users/willneedlman/finance_dashboard/venv/lib/python3.13/site-packages/fastapi/applications.py", line 1159, in __call__
    await super().__call__(scope, receive, send)
  File "/Users/willneedlman/finance_dashboard/venv/lib/python3.13/site-packages/starlette/applications.py", line 90, in __call__
    await self.middleware_stack(scope, receive, send)
  File "/Users/willneedlman/finance_dashboard/venv/lib/python3.13/site-packages/starlette/middleware/errors.py", line 186, in __call__
    raise exc
  File "/Users/willneedlman/finance_dashboard/venv/lib/python3.13/site-packages/starlette/middleware/errors.py", line 164, in __call__
    await self.app(scope, receive, _send)
  File "/Users/willneedlman/finance_dashboard/venv/lib/python3.13/site-packages/starlette/middleware/base.py", line 191, in __call__
    with recv_stream, send_stream, collapse_excgroups():
                                   ~~~~~~~~~~~~~~~~~~^^
  File "/Library/Frameworks/Python.framework/Versions/3.13/lib/python3.13/contextlib.py", line 162, in __exit__
    self.gen.throw(value)
    ~~~~~~~~~~~~~~^^^^^^^
  File "/Users/willneedlman/finance_dashboard/venv/lib/python3.13/site-packages/starlette/_utils.py", line 87, in collapse_excgroups
    raise exc
  File "/Users/willneedlman/finance_dashboard/venv/lib/python3.13/site-packages/starlette/middleware/base.py", line 193, in __call__
    response = await self.dispatch_func(request, call_next)
               ^^^^^^^^^^^^^^^^^^^^^^^^^^^^^^^^^^^^^^^^^^^^
  File "/Users/willneedlman/finance_dashboard/backend/main.py", line 32, in dispatch
    response = await call_next(request)
               ^^^^^^^^^^^^^^^^^^^^^^^^
  File "/Users/willneedlman/finance_dashboard/venv/lib/python3.13/site-packages/starlette/middleware/base.py", line 168, in call_next
    raise app_exc from app_exc.__cause__ or app_exc.__context__
  File "/Users/willneedlman/finance_dashboard/venv/lib/python3.13/site-packages/starlette/middleware/base.py", line 144, in coro
    await self.app(scope, receive_or_disconnect, send_no_error)
  File "/Users/willneedlman/finance_dashboard/venv/lib/python3.13/site-packages/starlette/middleware/cors.py", line 88, in __call__
    await self.app(scope, receive, send)
  File "/Users/willneedlman/finance_dashboard/venv/lib/python3.13/site-packages/starlette/middleware/exceptions.py", line 63, in __call__
    await wrap_app_handling_exceptions(self.app, conn)(scope, receive, send)
  File "/Users/willneedlman/finance_dashboard/venv/lib/python3.13/site-packages/starlette/_exception_handler.py", line 53, in wrapped_app
    raise exc
  File "/Users/willneedlman/finance_dashboard/venv/lib/python3.13/site-packages/starlette/_exception_handler.py", line 42, in wrapped_app
    await app(scope, receive, sender)
  File "/Users/willneedlman/finance_dashboard/venv/lib/python3.13/site-packages/fastapi/middleware/asyncexitstack.py", line 18, in __call__
    await self.app(scope, receive, send)
  File "/Users/willneedlman/finance_dashboard/venv/lib/python3.13/site-packages/starlette/routing.py", line 660, in __call__
    await self.middleware_stack(scope, receive, send)
  File "/Users/willneedlman/finance_dashboard/venv/lib/python3.13/site-packages/starlette/routing.py", line 680, in app
    await route.handle(scope, receive, send)
  File "/Users/willneedlman/finance_dashboard/venv/lib/python3.13/site-packages/starlette/routing.py", line 276, in handle
    await self.app(scope, receive, send)
  File "/Users/willneedlman/finance_dashboard/venv/lib/python3.13/site-packages/fastapi/routing.py", line 134, in app
    await wrap_app_handling_exceptions(app, request)(scope, receive, send)
  File "/Users/willneedlman/finance_dashboard/venv/lib/python3.13/site-packages/starlette/_exception_handler.py", line 53, in wrapped_app
    raise exc
  File "/Users/willneedlman/finance_dashboard/venv/lib/python3.13/site-packages/starlette/_exception_handler.py", line 42, in wrapped_app
    await app(scope, receive, sender)
  File "/Users/willneedlman/finance_dashboard/venv/lib/python3.13/site-packages/fastapi/routing.py", line 120, in app
    response = await f(request)
               ^^^^^^^^^^^^^^^^
  File "/Users/willneedlman/finance_dashboard/venv/lib/python3.13/site-packages/fastapi/routing.py", line 715, in app
    response = actual_response_class(content, **response_args)
  File "/Users/willneedlman/finance_dashboard/venv/lib/python3.13/site-packages/starlette/responses.py", line 192, in __init__
    super().__init__(content, status_code, headers, media_type, background)
    ~~~~~~~~~~~~~~~~^^^^^^^^^^^^^^^^^^^^^^^^^^^^^^^^^^^^^^^^^^^^^^^^^^^^^^^
  File "/Users/willneedlman/finance_dashboard/venv/lib/python3.13/site-packages/starlette/responses.py", line 45, in __init__
    self.body = self.render(content)
                ~~~~~~~~~~~^^^^^^^^^
  File "/Users/willneedlman/finance_dashboard/venv/lib/python3.13/site-packages/starlette/responses.py", line 195, in render
    return json.dumps(
           ~~~~~~~~~~^
        content,
        ^^^^^^^^
    ...<3 lines>...
        separators=(",", ":"),
        ^^^^^^^^^^^^^^^^^^^^^^
    ).encode("utf-8")
    ^
  File "/Library/Frameworks/Python.framework/Versions/3.13/lib/python3.13/json/__init__.py", line 238, in dumps
    **kw).encode(obj)
          ~~~~~~^^^^^
  File "/Library/Frameworks/Python.framework/Versions/3.13/lib/python3.13/json/encoder.py", line 200, in encode
    chunks = self.iterencode(o, _one_shot=True)
  File "/Library/Frameworks/Python.framework/Versions/3.13/lib/python3.13/json/encoder.py", line 261, in iterencode
    return _iterencode(o, 0)
ValueError: Out of range float values are not JSON compliant: nan
INFO:     127.0.0.1:58285 - "GET /api/corporate/hub/insider?ticker=SLS HTTP/1.1" 200 OK
INFO:     127.0.0.1:58286 - "GET /api/corporate/hub/insider?ticker=MSTR HTTP/1.1" 500 Internal Server Error
ERROR:    Exception in ASGI application
Traceback (most recent call last):
  File "/Users/willneedlman/finance_dashboard/venv/lib/python3.13/site-packages/uvicorn/protocols/http/httptools_impl.py", line 421, in run_asgi
    result = await app(  # type: ignore[func-returns-value]
             ^^^^^^^^^^^^^^^^^^^^^^^^^^^^^^^^^^^^^^^^^^^^^^
        self.scope, self.receive, self.send
        ^^^^^^^^^^^^^^^^^^^^^^^^^^^^^^^^^^^
    )
    ^
  File "/Users/willneedlman/finance_dashboard/venv/lib/python3.13/site-packages/uvicorn/middleware/proxy_headers.py", line 63, in __call__
    return await self.app(scope, receive, send)
           ^^^^^^^^^^^^^^^^^^^^^^^^^^^^^^^^^^^^
  File "/Users/willneedlman/finance_dashboard/venv/lib/python3.13/site-packages/fastapi/applications.py", line 1159, in __call__
    await super().__call__(scope, receive, send)
  File "/Users/willneedlman/finance_dashboard/venv/lib/python3.13/site-packages/starlette/applications.py", line 90, in __call__
    await self.middleware_stack(scope, receive, send)
  File "/Users/willneedlman/finance_dashboard/venv/lib/python3.13/site-packages/starlette/middleware/errors.py", line 186, in __call__
    raise exc
  File "/Users/willneedlman/finance_dashboard/venv/lib/python3.13/site-packages/starlette/middleware/errors.py", line 164, in __call__
    await self.app(scope, receive, _send)
  File "/Users/willneedlman/finance_dashboard/venv/lib/python3.13/site-packages/starlette/middleware/base.py", line 191, in __call__
    with recv_stream, send_stream, collapse_excgroups():
                                   ~~~~~~~~~~~~~~~~~~^^
  File "/Library/Frameworks/Python.framework/Versions/3.13/lib/python3.13/contextlib.py", line 162, in __exit__
    self.gen.throw(value)
    ~~~~~~~~~~~~~~^^^^^^^
  File "/Users/willneedlman/finance_dashboard/venv/lib/python3.13/site-packages/starlette/_utils.py", line 87, in collapse_excgroups
    raise exc
  File "/Users/willneedlman/finance_dashboard/venv/lib/python3.13/site-packages/starlette/middleware/base.py", line 193, in __call__
    response = await self.dispatch_func(request, call_next)
               ^^^^^^^^^^^^^^^^^^^^^^^^^^^^^^^^^^^^^^^^^^^^
  File "/Users/willneedlman/finance_dashboard/backend/main.py", line 32, in dispatch
    response = await call_next(request)
               ^^^^^^^^^^^^^^^^^^^^^^^^
  File "/Users/willneedlman/finance_dashboard/venv/lib/python3.13/site-packages/starlette/middleware/base.py", line 168, in call_next
    raise app_exc from app_exc.__cause__ or app_exc.__context__
  File "/Users/willneedlman/finance_dashboard/venv/lib/python3.13/site-packages/starlette/middleware/base.py", line 144, in coro
    await self.app(scope, receive_or_disconnect, send_no_error)
  File "/Users/willneedlman/finance_dashboard/venv/lib/python3.13/site-packages/starlette/middleware/cors.py", line 88, in __call__
    await self.app(scope, receive, send)
  File "/Users/willneedlman/finance_dashboard/venv/lib/python3.13/site-packages/starlette/middleware/exceptions.py", line 63, in __call__
    await wrap_app_handling_exceptions(self.app, conn)(scope, receive, send)
  File "/Users/willneedlman/finance_dashboard/venv/lib/python3.13/site-packages/starlette/_exception_handler.py", line 53, in wrapped_app
    raise exc
  File "/Users/willneedlman/finance_dashboard/venv/lib/python3.13/site-packages/starlette/_exception_handler.py", line 42, in wrapped_app
    await app(scope, receive, sender)
  File "/Users/willneedlman/finance_dashboard/venv/lib/python3.13/site-packages/fastapi/middleware/asyncexitstack.py", line 18, in __call__
    await self.app(scope, receive, send)
  File "/Users/willneedlman/finance_dashboard/venv/lib/python3.13/site-packages/starlette/routing.py", line 660, in __call__
    await self.middleware_stack(scope, receive, send)
  File "/Users/willneedlman/finance_dashboard/venv/lib/python3.13/site-packages/starlette/routing.py", line 680, in app
    await route.handle(scope, receive, send)
  File "/Users/willneedlman/finance_dashboard/venv/lib/python3.13/site-packages/starlette/routing.py", line 276, in handle
    await self.app(scope, receive, send)
  File "/Users/willneedlman/finance_dashboard/venv/lib/python3.13/site-packages/fastapi/routing.py", line 134, in app
    await wrap_app_handling_exceptions(app, request)(scope, receive, send)
  File "/Users/willneedlman/finance_dashboard/venv/lib/python3.13/site-packages/starlette/_exception_handler.py", line 53, in wrapped_app
    raise exc
  File "/Users/willneedlman/finance_dashboard/venv/lib/python3.13/site-packages/starlette/_exception_handler.py", line 42, in wrapped_app
    await app(scope, receive, sender)
  File "/Users/willneedlman/finance_dashboard/venv/lib/python3.13/site-packages/fastapi/routing.py", line 120, in app
    response = await f(request)
               ^^^^^^^^^^^^^^^^
  File "/Users/willneedlman/finance_dashboard/venv/lib/python3.13/site-packages/fastapi/routing.py", line 715, in app
    response = actual_response_class(content, **response_args)
  File "/Users/willneedlman/finance_dashboard/venv/lib/python3.13/site-packages/starlette/responses.py", line 192, in __init__
    super().__init__(content, status_code, headers, media_type, background)
    ~~~~~~~~~~~~~~~~^^^^^^^^^^^^^^^^^^^^^^^^^^^^^^^^^^^^^^^^^^^^^^^^^^^^^^^
  File "/Users/willneedlman/finance_dashboard/venv/lib/python3.13/site-packages/starlette/responses.py", line 45, in __init__
    self.body = self.render(content)
                ~~~~~~~~~~~^^^^^^^^^
  File "/Users/willneedlman/finance_dashboard/venv/lib/python3.13/site-packages/starlette/responses.py", line 195, in render
    return json.dumps(
           ~~~~~~~~~~^
        content,
        ^^^^^^^^
    ...<3 lines>...
        separators=(",", ":"),
        ^^^^^^^^^^^^^^^^^^^^^^
    ).encode("utf-8")
    ^
  File "/Library/Frameworks/Python.framework/Versions/3.13/lib/python3.13/json/__init__.py", line 238, in dumps
    **kw).encode(obj)
          ~~~~~~^^^^^
  File "/Library/Frameworks/Python.framework/Versions/3.13/lib/python3.13/json/encoder.py", line 200, in encode
    chunks = self.iterencode(o, _one_shot=True)
  File "/Library/Frameworks/Python.framework/Versions/3.13/lib/python3.13/json/encoder.py", line 261, in iterencode
    return _iterencode(o, 0)
ValueError: Out of range float values are not JSON compliant: nan
INFO:     127.0.0.1:58287 - "GET /api/corporate/hub/insider?ticker=TOST HTTP/1.1" 500 Internal Server Error
ERROR:    Exception in ASGI application
Traceback (most recent call last):
  File "/Users/willneedlman/finance_dashboard/venv/lib/python3.13/site-packages/uvicorn/protocols/http/httptools_impl.py", line 421, in run_asgi
    result = await app(  # type: ignore[func-returns-value]
             ^^^^^^^^^^^^^^^^^^^^^^^^^^^^^^^^^^^^^^^^^^^^^^
        self.scope, self.receive, self.send
        ^^^^^^^^^^^^^^^^^^^^^^^^^^^^^^^^^^^
    )
    ^
  File "/Users/willneedlman/finance_dashboard/venv/lib/python3.13/site-packages/uvicorn/middleware/proxy_headers.py", line 63, in __call__
    return await self.app(scope, receive, send)
           ^^^^^^^^^^^^^^^^^^^^^^^^^^^^^^^^^^^^
  File "/Users/willneedlman/finance_dashboard/venv/lib/python3.13/site-packages/fastapi/applications.py", line 1159, in __call__
    await super().__call__(scope, receive, send)
  File "/Users/willneedlman/finance_dashboard/venv/lib/python3.13/site-packages/starlette/applications.py", line 90, in __call__
    await self.middleware_stack(scope, receive, send)
  File "/Users/willneedlman/finance_dashboard/venv/lib/python3.13/site-packages/starlette/middleware/errors.py", line 186, in __call__
    raise exc
  File "/Users/willneedlman/finance_dashboard/venv/lib/python3.13/site-packages/starlette/middleware/errors.py", line 164, in __call__
    await self.app(scope, receive, _send)
  File "/Users/willneedlman/finance_dashboard/venv/lib/python3.13/site-packages/starlette/middleware/base.py", line 191, in __call__
    with recv_stream, send_stream, collapse_excgroups():
                                   ~~~~~~~~~~~~~~~~~~^^
  File "/Library/Frameworks/Python.framework/Versions/3.13/lib/python3.13/contextlib.py", line 162, in __exit__
    self.gen.throw(value)
    ~~~~~~~~~~~~~~^^^^^^^
  File "/Users/willneedlman/finance_dashboard/venv/lib/python3.13/site-packages/starlette/_utils.py", line 87, in collapse_excgroups
    raise exc
  File "/Users/willneedlman/finance_dashboard/venv/lib/python3.13/site-packages/starlette/middleware/base.py", line 193, in __call__
    response = await self.dispatch_func(request, call_next)
               ^^^^^^^^^^^^^^^^^^^^^^^^^^^^^^^^^^^^^^^^^^^^
  File "/Users/willneedlman/finance_dashboard/backend/main.py", line 32, in dispatch
    response = await call_next(request)
               ^^^^^^^^^^^^^^^^^^^^^^^^
  File "/Users/willneedlman/finance_dashboard/venv/lib/python3.13/site-packages/starlette/middleware/base.py", line 168, in call_next
    raise app_exc from app_exc.__cause__ or app_exc.__context__
  File "/Users/willneedlman/finance_dashboard/venv/lib/python3.13/site-packages/starlette/middleware/base.py", line 144, in coro
    await self.app(scope, receive_or_disconnect, send_no_error)
  File "/Users/willneedlman/finance_dashboard/venv/lib/python3.13/site-packages/starlette/middleware/cors.py", line 88, in __call__
    await self.app(scope, receive, send)
  File "/Users/willneedlman/finance_dashboard/venv/lib/python3.13/site-packages/starlette/middleware/exceptions.py", line 63, in __call__
    await wrap_app_handling_exceptions(self.app, conn)(scope, receive, send)
  File "/Users/willneedlman/finance_dashboard/venv/lib/python3.13/site-packages/starlette/_exception_handler.py", line 53, in wrapped_app
    raise exc
  File "/Users/willneedlman/finance_dashboard/venv/lib/python3.13/site-packages/starlette/_exception_handler.py", line 42, in wrapped_app
    await app(scope, receive, sender)
  File "/Users/willneedlman/finance_dashboard/venv/lib/python3.13/site-packages/fastapi/middleware/asyncexitstack.py", line 18, in __call__
    await self.app(scope, receive, send)
  File "/Users/willneedlman/finance_dashboard/venv/lib/python3.13/site-packages/starlette/routing.py", line 660, in __call__
    await self.middleware_stack(scope, receive, send)
  File "/Users/willneedlman/finance_dashboard/venv/lib/python3.13/site-packages/starlette/routing.py", line 680, in app
    await route.handle(scope, receive, send)
  File "/Users/willneedlman/finance_dashboard/venv/lib/python3.13/site-packages/starlette/routing.py", line 276, in handle
    await self.app(scope, receive, send)
  File "/Users/willneedlman/finance_dashboard/venv/lib/python3.13/site-packages/fastapi/routing.py", line 134, in app
    await wrap_app_handling_exceptions(app, request)(scope, receive, send)
  File "/Users/willneedlman/finance_dashboard/venv/lib/python3.13/site-packages/starlette/_exception_handler.py", line 53, in wrapped_app
    raise exc
  File "/Users/willneedlman/finance_dashboard/venv/lib/python3.13/site-packages/starlette/_exception_handler.py", line 42, in wrapped_app
    await app(scope, receive, sender)
  File "/Users/willneedlman/finance_dashboard/venv/lib/python3.13/site-packages/fastapi/routing.py", line 120, in app
    response = await f(request)
               ^^^^^^^^^^^^^^^^
  File "/Users/willneedlman/finance_dashboard/venv/lib/python3.13/site-packages/fastapi/routing.py", line 715, in app
    response = actual_response_class(content, **response_args)
  File "/Users/willneedlman/finance_dashboard/venv/lib/python3.13/site-packages/starlette/responses.py", line 192, in __init__
    super().__init__(content, status_code, headers, media_type, background)
    ~~~~~~~~~~~~~~~~^^^^^^^^^^^^^^^^^^^^^^^^^^^^^^^^^^^^^^^^^^^^^^^^^^^^^^^
  File "/Users/willneedlman/finance_dashboard/venv/lib/python3.13/site-packages/starlette/responses.py", line 45, in __init__
    self.body = self.render(content)
                ~~~~~~~~~~~^^^^^^^^^
  File "/Users/willneedlman/finance_dashboard/venv/lib/python3.13/site-packages/starlette/responses.py", line 195, in render
    return json.dumps(
           ~~~~~~~~~~^
        content,
        ^^^^^^^^
    ...<3 lines>...
        separators=(",", ":"),
        ^^^^^^^^^^^^^^^^^^^^^^
    ).encode("utf-8")
    ^
  File "/Library/Frameworks/Python.framework/Versions/3.13/lib/python3.13/json/__init__.py", line 238, in dumps
    **kw).encode(obj)
          ~~~~~~^^^^^
  File "/Library/Frameworks/Python.framework/Versions/3.13/lib/python3.13/json/encoder.py", line 200, in encode
    chunks = self.iterencode(o, _one_shot=True)
  File "/Library/Frameworks/Python.framework/Versions/3.13/lib/python3.13/json/encoder.py", line 261, in iterencode
    return _iterencode(o, 0)
ValueError: Out of range float values are not JSON compliant: nan
INFO:     127.0.0.1:58288 - "GET /api/corporate/hub/insider?ticker=VST HTTP/1.1" 200 OK
INFO:     127.0.0.1:58289 - "GET /api/corporate/hub/insider?ticker=OWL HTTP/1.1" 200 OK
INFO:     127.0.0.1:58292 - "GET /api/corporate/hub/insider?ticker=AMZN HTTP/1.1" 500 Internal Server Error
ERROR:    Exception in ASGI application
Traceback (most recent call last):
  File "/Users/willneedlman/finance_dashboard/venv/lib/python3.13/site-packages/uvicorn/protocols/http/httptools_impl.py", line 421, in run_asgi
    result = await app(  # type: ignore[func-returns-value]
             ^^^^^^^^^^^^^^^^^^^^^^^^^^^^^^^^^^^^^^^^^^^^^^
        self.scope, self.receive, self.send
        ^^^^^^^^^^^^^^^^^^^^^^^^^^^^^^^^^^^
    )
    ^
  File "/Users/willneedlman/finance_dashboard/venv/lib/python3.13/site-packages/uvicorn/middleware/proxy_headers.py", line 63, in __call__
    return await self.app(scope, receive, send)
           ^^^^^^^^^^^^^^^^^^^^^^^^^^^^^^^^^^^^
  File "/Users/willneedlman/finance_dashboard/venv/lib/python3.13/site-packages/fastapi/applications.py", line 1159, in __call__
    await super().__call__(scope, receive, send)
  File "/Users/willneedlman/finance_dashboard/venv/lib/python3.13/site-packages/starlette/applications.py", line 90, in __call__
    await self.middleware_stack(scope, receive, send)
  File "/Users/willneedlman/finance_dashboard/venv/lib/python3.13/site-packages/starlette/middleware/errors.py", line 186, in __call__
    raise exc
  File "/Users/willneedlman/finance_dashboard/venv/lib/python3.13/site-packages/starlette/middleware/errors.py", line 164, in __call__
    await self.app(scope, receive, _send)
  File "/Users/willneedlman/finance_dashboard/venv/lib/python3.13/site-packages/starlette/middleware/base.py", line 191, in __call__
    with recv_stream, send_stream, collapse_excgroups():
                                   ~~~~~~~~~~~~~~~~~~^^
  File "/Library/Frameworks/Python.framework/Versions/3.13/lib/python3.13/contextlib.py", line 162, in __exit__
    self.gen.throw(value)
    ~~~~~~~~~~~~~~^^^^^^^
  File "/Users/willneedlman/finance_dashboard/venv/lib/python3.13/site-packages/starlette/_utils.py", line 87, in collapse_excgroups
    raise exc
  File "/Users/willneedlman/finance_dashboard/venv/lib/python3.13/site-packages/starlette/middleware/base.py", line 193, in __call__
    response = await self.dispatch_func(request, call_next)
               ^^^^^^^^^^^^^^^^^^^^^^^^^^^^^^^^^^^^^^^^^^^^
  File "/Users/willneedlman/finance_dashboard/backend/main.py", line 32, in dispatch
    response = await call_next(request)
               ^^^^^^^^^^^^^^^^^^^^^^^^
  File "/Users/willneedlman/finance_dashboard/venv/lib/python3.13/site-packages/starlette/middleware/base.py", line 168, in call_next
    raise app_exc from app_exc.__cause__ or app_exc.__context__
  File "/Users/willneedlman/finance_dashboard/venv/lib/python3.13/site-packages/starlette/middleware/base.py", line 144, in coro
    await self.app(scope, receive_or_disconnect, send_no_error)
  File "/Users/willneedlman/finance_dashboard/venv/lib/python3.13/site-packages/starlette/middleware/cors.py", line 88, in __call__
    await self.app(scope, receive, send)
  File "/Users/willneedlman/finance_dashboard/venv/lib/python3.13/site-packages/starlette/middleware/exceptions.py", line 63, in __call__
    await wrap_app_handling_exceptions(self.app, conn)(scope, receive, send)
  File "/Users/willneedlman/finance_dashboard/venv/lib/python3.13/site-packages/starlette/_exception_handler.py", line 53, in wrapped_app
    raise exc
  File "/Users/willneedlman/finance_dashboard/venv/lib/python3.13/site-packages/starlette/_exception_handler.py", line 42, in wrapped_app
    await app(scope, receive, sender)
  File "/Users/willneedlman/finance_dashboard/venv/lib/python3.13/site-packages/fastapi/middleware/asyncexitstack.py", line 18, in __call__
    await self.app(scope, receive, send)
  File "/Users/willneedlman/finance_dashboard/venv/lib/python3.13/site-packages/starlette/routing.py", line 660, in __call__
    await self.middleware_stack(scope, receive, send)
  File "/Users/willneedlman/finance_dashboard/venv/lib/python3.13/site-packages/starlette/routing.py", line 680, in app
    await route.handle(scope, receive, send)
  File "/Users/willneedlman/finance_dashboard/venv/lib/python3.13/site-packages/starlette/routing.py", line 276, in handle
    await self.app(scope, receive, send)
  File "/Users/willneedlman/finance_dashboard/venv/lib/python3.13/site-packages/fastapi/routing.py", line 134, in app
    await wrap_app_handling_exceptions(app, request)(scope, receive, send)
  File "/Users/willneedlman/finance_dashboard/venv/lib/python3.13/site-packages/starlette/_exception_handler.py", line 53, in wrapped_app
    raise exc
  File "/Users/willneedlman/finance_dashboard/venv/lib/python3.13/site-packages/starlette/_exception_handler.py", line 42, in wrapped_app
    await app(scope, receive, sender)
  File "/Users/willneedlman/finance_dashboard/venv/lib/python3.13/site-packages/fastapi/routing.py", line 120, in app
    response = await f(request)
               ^^^^^^^^^^^^^^^^
  File "/Users/willneedlman/finance_dashboard/venv/lib/python3.13/site-packages/fastapi/routing.py", line 715, in app
    response = actual_response_class(content, **response_args)
  File "/Users/willneedlman/finance_dashboard/venv/lib/python3.13/site-packages/starlette/responses.py", line 192, in __init__
    super().__init__(content, status_code, headers, media_type, background)
    ~~~~~~~~~~~~~~~~^^^^^^^^^^^^^^^^^^^^^^^^^^^^^^^^^^^^^^^^^^^^^^^^^^^^^^^
  File "/Users/willneedlman/finance_dashboard/venv/lib/python3.13/site-packages/starlette/responses.py", line 45, in __init__
    self.body = self.render(content)
                ~~~~~~~~~~~^^^^^^^^^
  File "/Users/willneedlman/finance_dashboard/venv/lib/python3.13/site-packages/starlette/responses.py", line 195, in render
    return json.dumps(
           ~~~~~~~~~~^
        content,
        ^^^^^^^^
    ...<3 lines>...
        separators=(",", ":"),
        ^^^^^^^^^^^^^^^^^^^^^^
    ).encode("utf-8")
    ^
  File "/Library/Frameworks/Python.framework/Versions/3.13/lib/python3.13/json/__init__.py", line 238, in dumps
    **kw).encode(obj)
          ~~~~~~^^^^^
  File "/Library/Frameworks/Python.framework/Versions/3.13/lib/python3.13/json/encoder.py", line 200, in encode
    chunks = self.iterencode(o, _one_shot=True)
  File "/Library/Frameworks/Python.framework/Versions/3.13/lib/python3.13/json/encoder.py", line 261, in iterencode
    return _iterencode(o, 0)
ValueError: Out of range float values are not JSON compliant: nan
INFO:     127.0.0.1:58371 - "GET /api/corporate/hub?ticker=AAPL HTTP/1.1" 200 OK
INFO:     127.0.0.1:58370 - "GET /api/corporate/hub?ticker=NVDA HTTP/1.1" 200 OK
INFO:     127.0.0.1:58375 - "GET /api/corporate/hub?ticker=VST HTTP/1.1" 200 OK
INFO:     127.0.0.1:58373 - "GET /api/corporate/hub?ticker=MSTR HTTP/1.1" 200 OK
INFO:     127.0.0.1:58372 - "GET /api/corporate/hub?ticker=SLS HTTP/1.1" 200 OK
INFO:     127.0.0.1:58374 - "GET /api/corporate/hub?ticker=TOST HTTP/1.1" 200 OK
INFO:     127.0.0.1:58394 - "GET /api/corporate/hub?ticker=OWL HTTP/1.1" 200 OK
INFO:     127.0.0.1:58399 - "GET /api/corporate/hub?ticker=AMZN HTTP/1.1" 200 OK
INFO:     127.0.0.1:58413 - "GET /api/corporate/hub/short?ticker=MSTR HTTP/1.1" 200 OK
INFO:     127.0.0.1:58408 - "GET /api/corporate/hub/short?ticker=NVDA HTTP/1.1" 200 OK
INFO:     127.0.0.1:58419 - "GET /api/corporate/hub/short?ticker=VST HTTP/1.1" 200 OK
INFO:     127.0.0.1:58409 - "GET /api/corporate/hub/short?ticker=AAPL HTTP/1.1" 200 OK
INFO:     127.0.0.1:58418 - "GET /api/corporate/hub/short?ticker=TOST HTTP/1.1" 200 OK
INFO:     127.0.0.1:58412 - "GET /api/corporate/hub/short?ticker=SLS HTTP/1.1" 200 OK
INFO:     127.0.0.1:58431 - "GET /api/corporate/hub/short?ticker=AMZN HTTP/1.1" 200 OK
INFO:     127.0.0.1:58428 - "GET /api/corporate/hub/short?ticker=OWL HTTP/1.1" 200 OK
INFO:     127.0.0.1:58446 - "GET /api/corporate/hub?ticker=NVDA HTTP/1.1" 200 OK
INFO:     127.0.0.1:58447 - "GET /api/corporate/hub?ticker=AAPL HTTP/1.1" 200 OK
INFO:     127.0.0.1:58448 - "GET /api/corporate/hub?ticker=SLS HTTP/1.1" 200 OK
INFO:     127.0.0.1:58449 - "GET /api/corporate/hub?ticker=MSTR HTTP/1.1" 200 OK
INFO:     127.0.0.1:58450 - "GET /api/corporate/hub?ticker=TOST HTTP/1.1" 200 OK
INFO:     127.0.0.1:58451 - "GET /api/corporate/hub?ticker=VST HTTP/1.1" 200 OK
INFO:     127.0.0.1:58456 - "GET /api/corporate/hub?ticker=OWL HTTP/1.1" 200 OK
INFO:     127.0.0.1:58457 - "GET /api/corporate/hub?ticker=AMZN HTTP/1.1" 200 OK
INFO:     127.0.0.1:58470 - "GET /api/corporate/hub/short?ticker=NVDA HTTP/1.1" 200 OK
INFO:     127.0.0.1:58471 - "GET /api/corporate/hub/short?ticker=AAPL HTTP/1.1" 200 OK
INFO:     127.0.0.1:58472 - "GET /api/corporate/hub/short?ticker=SLS HTTP/1.1" 200 OK
INFO:     127.0.0.1:58473 - "GET /api/corporate/hub/short?ticker=MSTR HTTP/1.1" 200 OK
INFO:     127.0.0.1:58474 - "GET /api/corporate/hub/short?ticker=TOST HTTP/1.1" 200 OK
INFO:     127.0.0.1:58475 - "GET /api/corporate/hub/short?ticker=VST HTTP/1.1" 200 OK
INFO:     127.0.0.1:58480 - "GET /api/corporate/hub/short?ticker=OWL HTTP/1.1" 200 OK
INFO:     127.0.0.1:58481 - "GET /api/corporate/hub/short?ticker=AMZN HTTP/1.1" 200 OK
WARNING:  WatchFiles detected changes in 'routers/corporate.py'. Reloading...
INFO:     Shutting down
INFO:     Waiting for application shutdown.
INFO:     Application shutdown complete.
INFO:     Finished server process [96489]
INFO:     Started server process [97052]
INFO:     Waiting for application startup.
INFO:     Application startup complete.
INFO:     127.0.0.1:58664 - "GET /api/corporate/hub?ticker=NVDA HTTP/1.1" 200 OK
INFO:     127.0.0.1:58666 - "GET /api/corporate/hub?ticker=SLS HTTP/1.1" 200 OK
INFO:     127.0.0.1:58665 - "GET /api/corporate/hub?ticker=AAPL HTTP/1.1" 200 OK
INFO:     127.0.0.1:58669 - "GET /api/corporate/hub?ticker=VST HTTP/1.1" 200 OK
INFO:     127.0.0.1:58667 - "GET /api/corporate/hub?ticker=MSTR HTTP/1.1" 200 OK
INFO:     127.0.0.1:58668 - "GET /api/corporate/hub?ticker=TOST HTTP/1.1" 200 OK
INFO:     127.0.0.1:58696 - "GET /api/corporate/hub?ticker=AMZN HTTP/1.1" 200 OK
INFO:     127.0.0.1:58693 - "GET /api/corporate/hub?ticker=OWL HTTP/1.1" 200 OK
INFO:     127.0.0.1:58713 - "GET /api/corporate/hub/short?ticker=NVDA HTTP/1.1" 200 OK
INFO:     127.0.0.1:58714 - "GET /api/corporate/hub/short?ticker=AAPL HTTP/1.1" 200 OK
INFO:     127.0.0.1:58718 - "GET /api/corporate/hub/short?ticker=VST HTTP/1.1" 200 OK
INFO:     127.0.0.1:58716 - "GET /api/corporate/hub/short?ticker=MSTR HTTP/1.1" 200 OK
INFO:     127.0.0.1:58715 - "GET /api/corporate/hub/short?ticker=SLS HTTP/1.1" 200 OK
INFO:     127.0.0.1:58717 - "GET /api/corporate/hub/short?ticker=TOST HTTP/1.1" 200 OK
INFO:     127.0.0.1:58726 - "GET /api/corporate/hub/short?ticker=OWL HTTP/1.1" 200 OK
INFO:     127.0.0.1:58729 - "GET /api/corporate/hub/short?ticker=AMZN HTTP/1.1" 200 OK
INFO:     127.0.0.1:58770 - "GET /api/market/history?ticker=SPY&start=2020-01-01&end=2024-12-31 HTTP/1.1" 200 OK
INFO:     127.0.0.1:58784 - "GET /api/corporate/hub?ticker=NVDA HTTP/1.1" 200 OK
INFO:     127.0.0.1:58785 - "GET /api/corporate/hub?ticker=AAPL HTTP/1.1" 200 OK
INFO:     127.0.0.1:58786 - "GET /api/corporate/hub?ticker=SLS HTTP/1.1" 200 OK
INFO:     127.0.0.1:58787 - "GET /api/corporate/hub?ticker=MSTR HTTP/1.1" 200 OK
INFO:     127.0.0.1:58788 - "GET /api/corporate/hub?ticker=TOST HTTP/1.1" 200 OK
INFO:     127.0.0.1:58789 - "GET /api/corporate/hub?ticker=VST HTTP/1.1" 200 OK
INFO:     127.0.0.1:58795 - "GET /api/corporate/hub?ticker=AMZN HTTP/1.1" 200 OK
INFO:     127.0.0.1:58794 - "GET /api/corporate/hub?ticker=OWL HTTP/1.1" 200 OK
INFO:     127.0.0.1:58808 - "GET /api/corporate/hub/short?ticker=NVDA HTTP/1.1" 200 OK
INFO:     127.0.0.1:58809 - "GET /api/corporate/hub/short?ticker=AAPL HTTP/1.1" 200 OK
INFO:     127.0.0.1:58810 - "GET /api/corporate/hub/short?ticker=SLS HTTP/1.1" 200 OK
INFO:     127.0.0.1:58811 - "GET /api/corporate/hub/short?ticker=MSTR HTTP/1.1" 200 OK
INFO:     127.0.0.1:58812 - "GET /api/corporate/hub/short?ticker=TOST HTTP/1.1" 200 OK
INFO:     127.0.0.1:58813 - "GET /api/corporate/hub/short?ticker=VST HTTP/1.1" 200 OK
INFO:     127.0.0.1:58816 - "GET /api/corporate/hub/short?ticker=OWL HTTP/1.1" 200 OK
INFO:     127.0.0.1:58819 - "GET /api/corporate/hub/short?ticker=AMZN HTTP/1.1" 200 OK
INFO:     127.0.0.1:58832 - "GET /api/corporate/hub?ticker=NVDA HTTP/1.1" 200 OK
INFO:     127.0.0.1:58833 - "GET /api/corporate/hub?ticker=AAPL HTTP/1.1" 200 OK
INFO:     127.0.0.1:58834 - "GET /api/corporate/hub?ticker=SLS HTTP/1.1" 200 OK
INFO:     127.0.0.1:58835 - "GET /api/corporate/hub?ticker=MSTR HTTP/1.1" 200 OK
INFO:     127.0.0.1:58836 - "GET /api/corporate/hub?ticker=TOST HTTP/1.1" 200 OK
INFO:     127.0.0.1:58837 - "GET /api/corporate/hub?ticker=VST HTTP/1.1" 200 OK
INFO:     127.0.0.1:58840 - "GET /api/corporate/hub?ticker=OWL HTTP/1.1" 200 OK
INFO:     127.0.0.1:58843 - "GET /api/corporate/hub?ticker=AMZN HTTP/1.1" 200 OK
INFO:     127.0.0.1:58856 - "GET /api/corporate/hub/short?ticker=NVDA HTTP/1.1" 200 OK
INFO:     127.0.0.1:58857 - "GET /api/corporate/hub/short?ticker=AAPL HTTP/1.1" 200 OK
INFO:     127.0.0.1:58858 - "GET /api/corporate/hub/short?ticker=SLS HTTP/1.1" 200 OK
INFO:     127.0.0.1:58859 - "GET /api/corporate/hub/short?ticker=MSTR HTTP/1.1" 200 OK
INFO:     127.0.0.1:58860 - "GET /api/corporate/hub/short?ticker=TOST HTTP/1.1" 200 OK
INFO:     127.0.0.1:58861 - "GET /api/corporate/hub/short?ticker=VST HTTP/1.1" 200 OK
INFO:     127.0.0.1:58866 - "GET /api/corporate/hub/short?ticker=OWL HTTP/1.1" 200 OK
INFO:     127.0.0.1:58867 - "GET /api/corporate/hub/short?ticker=AMZN HTTP/1.1" 200 OK
INFO:     127.0.0.1:58880 - "GET /api/corporate/hub?ticker=NVDA HTTP/1.1" 200 OK
INFO:     127.0.0.1:58881 - "GET /api/corporate/hub?ticker=AAPL HTTP/1.1" 200 OK
INFO:     127.0.0.1:58882 - "GET /api/corporate/hub?ticker=SLS HTTP/1.1" 200 OK
INFO:     127.0.0.1:58883 - "GET /api/corporate/hub?ticker=MSTR HTTP/1.1" 200 OK
INFO:     127.0.0.1:58884 - "GET /api/corporate/hub?ticker=TOST HTTP/1.1" 200 OK
INFO:     127.0.0.1:58885 - "GET /api/corporate/hub?ticker=VST HTTP/1.1" 200 OK
INFO:     127.0.0.1:58888 - "GET /api/corporate/hub?ticker=OWL HTTP/1.1" 200 OK
INFO:     127.0.0.1:58891 - "GET /api/corporate/hub?ticker=AMZN HTTP/1.1" 200 OK
INFO:     127.0.0.1:58904 - "GET /api/corporate/hub/short?ticker=NVDA HTTP/1.1" 200 OK
INFO:     127.0.0.1:58905 - "GET /api/corporate/hub/short?ticker=AAPL HTTP/1.1" 200 OK
INFO:     127.0.0.1:58906 - "GET /api/corporate/hub/short?ticker=SLS HTTP/1.1" 200 OK
INFO:     127.0.0.1:58907 - "GET /api/corporate/hub/short?ticker=MSTR HTTP/1.1" 200 OK
INFO:     127.0.0.1:58908 - "GET /api/corporate/hub/short?ticker=TOST HTTP/1.1" 200 OK
INFO:     127.0.0.1:58909 - "GET /api/corporate/hub/short?ticker=VST HTTP/1.1" 200 OK
INFO:     127.0.0.1:58922 - "GET /api/corporate/hub/short?ticker=OWL HTTP/1.1" 200 OK
INFO:     127.0.0.1:58923 - "GET /api/corporate/hub/short?ticker=AMZN HTTP/1.1" 200 OK
INFO:     127.0.0.1:58924 - "GET /api/corporate/hub/insider?ticker=NVDA HTTP/1.1" 200 OK
INFO:     127.0.0.1:58932 - "GET /api/corporate/hub/insider?ticker=TOST HTTP/1.1" 500 Internal Server Error
ERROR:    Exception in ASGI application
Traceback (most recent call last):
  File "/Users/willneedlman/finance_dashboard/venv/lib/python3.13/site-packages/uvicorn/protocols/http/httptools_impl.py", line 421, in run_asgi
    result = await app(  # type: ignore[func-returns-value]
             ^^^^^^^^^^^^^^^^^^^^^^^^^^^^^^^^^^^^^^^^^^^^^^
        self.scope, self.receive, self.send
        ^^^^^^^^^^^^^^^^^^^^^^^^^^^^^^^^^^^
    )
    ^
  File "/Users/willneedlman/finance_dashboard/venv/lib/python3.13/site-packages/uvicorn/middleware/proxy_headers.py", line 63, in __call__
    return await self.app(scope, receive, send)
           ^^^^^^^^^^^^^^^^^^^^^^^^^^^^^^^^^^^^
  File "/Users/willneedlman/finance_dashboard/venv/lib/python3.13/site-packages/fastapi/applications.py", line 1159, in __call__
    await super().__call__(scope, receive, send)
  File "/Users/willneedlman/finance_dashboard/venv/lib/python3.13/site-packages/starlette/applications.py", line 90, in __call__
    await self.middleware_stack(scope, receive, send)
  File "/Users/willneedlman/finance_dashboard/venv/lib/python3.13/site-packages/starlette/middleware/errors.py", line 186, in __call__
    raise exc
  File "/Users/willneedlman/finance_dashboard/venv/lib/python3.13/site-packages/starlette/middleware/errors.py", line 164, in __call__
    await self.app(scope, receive, _send)
  File "/Users/willneedlman/finance_dashboard/venv/lib/python3.13/site-packages/starlette/middleware/base.py", line 191, in __call__
    with recv_stream, send_stream, collapse_excgroups():
                                   ~~~~~~~~~~~~~~~~~~^^
  File "/Library/Frameworks/Python.framework/Versions/3.13/lib/python3.13/contextlib.py", line 162, in __exit__
    self.gen.throw(value)
    ~~~~~~~~~~~~~~^^^^^^^
  File "/Users/willneedlman/finance_dashboard/venv/lib/python3.13/site-packages/starlette/_utils.py", line 87, in collapse_excgroups
    raise exc
  File "/Users/willneedlman/finance_dashboard/venv/lib/python3.13/site-packages/starlette/middleware/base.py", line 193, in __call__
    response = await self.dispatch_func(request, call_next)
               ^^^^^^^^^^^^^^^^^^^^^^^^^^^^^^^^^^^^^^^^^^^^
  File "/Users/willneedlman/finance_dashboard/backend/main.py", line 32, in dispatch
    response = await call_next(request)
               ^^^^^^^^^^^^^^^^^^^^^^^^
  File "/Users/willneedlman/finance_dashboard/venv/lib/python3.13/site-packages/starlette/middleware/base.py", line 168, in call_next
    raise app_exc from app_exc.__cause__ or app_exc.__context__
  File "/Users/willneedlman/finance_dashboard/venv/lib/python3.13/site-packages/starlette/middleware/base.py", line 144, in coro
    await self.app(scope, receive_or_disconnect, send_no_error)
  File "/Users/willneedlman/finance_dashboard/venv/lib/python3.13/site-packages/starlette/middleware/cors.py", line 88, in __call__
    await self.app(scope, receive, send)
  File "/Users/willneedlman/finance_dashboard/venv/lib/python3.13/site-packages/starlette/middleware/exceptions.py", line 63, in __call__
    await wrap_app_handling_exceptions(self.app, conn)(scope, receive, send)
  File "/Users/willneedlman/finance_dashboard/venv/lib/python3.13/site-packages/starlette/_exception_handler.py", line 53, in wrapped_app
    raise exc
  File "/Users/willneedlman/finance_dashboard/venv/lib/python3.13/site-packages/starlette/_exception_handler.py", line 42, in wrapped_app
    await app(scope, receive, sender)
  File "/Users/willneedlman/finance_dashboard/venv/lib/python3.13/site-packages/fastapi/middleware/asyncexitstack.py", line 18, in __call__
    await self.app(scope, receive, send)
  File "/Users/willneedlman/finance_dashboard/venv/lib/python3.13/site-packages/starlette/routing.py", line 660, in __call__
    await self.middleware_stack(scope, receive, send)
  File "/Users/willneedlman/finance_dashboard/venv/lib/python3.13/site-packages/starlette/routing.py", line 680, in app
    await route.handle(scope, receive, send)
  File "/Users/willneedlman/finance_dashboard/venv/lib/python3.13/site-packages/starlette/routing.py", line 276, in handle
    await self.app(scope, receive, send)
  File "/Users/willneedlman/finance_dashboard/venv/lib/python3.13/site-packages/fastapi/routing.py", line 134, in app
    await wrap_app_handling_exceptions(app, request)(scope, receive, send)
  File "/Users/willneedlman/finance_dashboard/venv/lib/python3.13/site-packages/starlette/_exception_handler.py", line 53, in wrapped_app
    raise exc
  File "/Users/willneedlman/finance_dashboard/venv/lib/python3.13/site-packages/starlette/_exception_handler.py", line 42, in wrapped_app
    await app(scope, receive, sender)
  File "/Users/willneedlman/finance_dashboard/venv/lib/python3.13/site-packages/fastapi/routing.py", line 120, in app
    response = await f(request)
               ^^^^^^^^^^^^^^^^
  File "/Users/willneedlman/finance_dashboard/venv/lib/python3.13/site-packages/fastapi/routing.py", line 715, in app
    response = actual_response_class(content, **response_args)
  File "/Users/willneedlman/finance_dashboard/venv/lib/python3.13/site-packages/starlette/responses.py", line 192, in __init__
    super().__init__(content, status_code, headers, media_type, background)
    ~~~~~~~~~~~~~~~~^^^^^^^^^^^^^^^^^^^^^^^^^^^^^^^^^^^^^^^^^^^^^^^^^^^^^^^
  File "/Users/willneedlman/finance_dashboard/venv/lib/python3.13/site-packages/starlette/responses.py", line 45, in __init__
    self.body = self.render(content)
                ~~~~~~~~~~~^^^^^^^^^
  File "/Users/willneedlman/finance_dashboard/venv/lib/python3.13/site-packages/starlette/responses.py", line 195, in render
    return json.dumps(
           ~~~~~~~~~~^
        content,
        ^^^^^^^^
    ...<3 lines>...
        separators=(",", ":"),
        ^^^^^^^^^^^^^^^^^^^^^^
    ).encode("utf-8")
    ^
  File "/Library/Frameworks/Python.framework/Versions/3.13/lib/python3.13/json/__init__.py", line 238, in dumps
    **kw).encode(obj)
          ~~~~~~^^^^^
  File "/Library/Frameworks/Python.framework/Versions/3.13/lib/python3.13/json/encoder.py", line 200, in encode
    chunks = self.iterencode(o, _one_shot=True)
  File "/Library/Frameworks/Python.framework/Versions/3.13/lib/python3.13/json/encoder.py", line 261, in iterencode
    return _iterencode(o, 0)
ValueError: Out of range float values are not JSON compliant: nan
INFO:     127.0.0.1:58933 - "GET /api/corporate/hub/insider?ticker=VST HTTP/1.1" 200 OK
INFO:     127.0.0.1:58925 - "GET /api/corporate/hub/insider?ticker=AAPL HTTP/1.1" 500 Internal Server Error
ERROR:    Exception in ASGI application
Traceback (most recent call last):
  File "/Users/willneedlman/finance_dashboard/venv/lib/python3.13/site-packages/uvicorn/protocols/http/httptools_impl.py", line 421, in run_asgi
    result = await app(  # type: ignore[func-returns-value]
             ^^^^^^^^^^^^^^^^^^^^^^^^^^^^^^^^^^^^^^^^^^^^^^
        self.scope, self.receive, self.send
        ^^^^^^^^^^^^^^^^^^^^^^^^^^^^^^^^^^^
    )
    ^
  File "/Users/willneedlman/finance_dashboard/venv/lib/python3.13/site-packages/uvicorn/middleware/proxy_headers.py", line 63, in __call__
    return await self.app(scope, receive, send)
           ^^^^^^^^^^^^^^^^^^^^^^^^^^^^^^^^^^^^
  File "/Users/willneedlman/finance_dashboard/venv/lib/python3.13/site-packages/fastapi/applications.py", line 1159, in __call__
    await super().__call__(scope, receive, send)
  File "/Users/willneedlman/finance_dashboard/venv/lib/python3.13/site-packages/starlette/applications.py", line 90, in __call__
    await self.middleware_stack(scope, receive, send)
  File "/Users/willneedlman/finance_dashboard/venv/lib/python3.13/site-packages/starlette/middleware/errors.py", line 186, in __call__
    raise exc
  File "/Users/willneedlman/finance_dashboard/venv/lib/python3.13/site-packages/starlette/middleware/errors.py", line 164, in __call__
    await self.app(scope, receive, _send)
  File "/Users/willneedlman/finance_dashboard/venv/lib/python3.13/site-packages/starlette/middleware/base.py", line 191, in __call__
    with recv_stream, send_stream, collapse_excgroups():
                                   ~~~~~~~~~~~~~~~~~~^^
  File "/Library/Frameworks/Python.framework/Versions/3.13/lib/python3.13/contextlib.py", line 162, in __exit__
    self.gen.throw(value)
    ~~~~~~~~~~~~~~^^^^^^^
  File "/Users/willneedlman/finance_dashboard/venv/lib/python3.13/site-packages/starlette/_utils.py", line 87, in collapse_excgroups
    raise exc
  File "/Users/willneedlman/finance_dashboard/venv/lib/python3.13/site-packages/starlette/middleware/base.py", line 193, in __call__
    response = await self.dispatch_func(request, call_next)
               ^^^^^^^^^^^^^^^^^^^^^^^^^^^^^^^^^^^^^^^^^^^^
  File "/Users/willneedlman/finance_dashboard/backend/main.py", line 32, in dispatch
    response = await call_next(request)
               ^^^^^^^^^^^^^^^^^^^^^^^^
  File "/Users/willneedlman/finance_dashboard/venv/lib/python3.13/site-packages/starlette/middleware/base.py", line 168, in call_next
    raise app_exc from app_exc.__cause__ or app_exc.__context__
  File "/Users/willneedlman/finance_dashboard/venv/lib/python3.13/site-packages/starlette/middleware/base.py", line 144, in coro
    await self.app(scope, receive_or_disconnect, send_no_error)
  File "/Users/willneedlman/finance_dashboard/venv/lib/python3.13/site-packages/starlette/middleware/cors.py", line 88, in __call__
    await self.app(scope, receive, send)
  File "/Users/willneedlman/finance_dashboard/venv/lib/python3.13/site-packages/starlette/middleware/exceptions.py", line 63, in __call__
    await wrap_app_handling_exceptions(self.app, conn)(scope, receive, send)
  File "/Users/willneedlman/finance_dashboard/venv/lib/python3.13/site-packages/starlette/_exception_handler.py", line 53, in wrapped_app
    raise exc
  File "/Users/willneedlman/finance_dashboard/venv/lib/python3.13/site-packages/starlette/_exception_handler.py", line 42, in wrapped_app
    await app(scope, receive, sender)
  File "/Users/willneedlman/finance_dashboard/venv/lib/python3.13/site-packages/fastapi/middleware/asyncexitstack.py", line 18, in __call__
    await self.app(scope, receive, send)
  File "/Users/willneedlman/finance_dashboard/venv/lib/python3.13/site-packages/starlette/routing.py", line 660, in __call__
    await self.middleware_stack(scope, receive, send)
  File "/Users/willneedlman/finance_dashboard/venv/lib/python3.13/site-packages/starlette/routing.py", line 680, in app
    await route.handle(scope, receive, send)
  File "/Users/willneedlman/finance_dashboard/venv/lib/python3.13/site-packages/starlette/routing.py", line 276, in handle
    await self.app(scope, receive, send)
  File "/Users/willneedlman/finance_dashboard/venv/lib/python3.13/site-packages/fastapi/routing.py", line 134, in app
    await wrap_app_handling_exceptions(app, request)(scope, receive, send)
  File "/Users/willneedlman/finance_dashboard/venv/lib/python3.13/site-packages/starlette/_exception_handler.py", line 53, in wrapped_app
    raise exc
  File "/Users/willneedlman/finance_dashboard/venv/lib/python3.13/site-packages/starlette/_exception_handler.py", line 42, in wrapped_app
    await app(scope, receive, sender)
  File "/Users/willneedlman/finance_dashboard/venv/lib/python3.13/site-packages/fastapi/routing.py", line 120, in app
    response = await f(request)
               ^^^^^^^^^^^^^^^^
  File "/Users/willneedlman/finance_dashboard/venv/lib/python3.13/site-packages/fastapi/routing.py", line 715, in app
    response = actual_response_class(content, **response_args)
  File "/Users/willneedlman/finance_dashboard/venv/lib/python3.13/site-packages/starlette/responses.py", line 192, in __init__
    super().__init__(content, status_code, headers, media_type, background)
    ~~~~~~~~~~~~~~~~^^^^^^^^^^^^^^^^^^^^^^^^^^^^^^^^^^^^^^^^^^^^^^^^^^^^^^^
  File "/Users/willneedlman/finance_dashboard/venv/lib/python3.13/site-packages/starlette/responses.py", line 45, in __init__
    self.body = self.render(content)
                ~~~~~~~~~~~^^^^^^^^^
  File "/Users/willneedlman/finance_dashboard/venv/lib/python3.13/site-packages/starlette/responses.py", line 195, in render
    return json.dumps(
           ~~~~~~~~~~^
        content,
        ^^^^^^^^
    ...<3 lines>...
        separators=(",", ":"),
        ^^^^^^^^^^^^^^^^^^^^^^
    ).encode("utf-8")
    ^
  File "/Library/Frameworks/Python.framework/Versions/3.13/lib/python3.13/json/__init__.py", line 238, in dumps
    **kw).encode(obj)
          ~~~~~~^^^^^
  File "/Library/Frameworks/Python.framework/Versions/3.13/lib/python3.13/json/encoder.py", line 200, in encode
    chunks = self.iterencode(o, _one_shot=True)
  File "/Library/Frameworks/Python.framework/Versions/3.13/lib/python3.13/json/encoder.py", line 261, in iterencode
    return _iterencode(o, 0)
ValueError: Out of range float values are not JSON compliant: nan
INFO:     127.0.0.1:58927 - "GET /api/corporate/hub/insider?ticker=MSTR HTTP/1.1" 500 Internal Server Error
ERROR:    Exception in ASGI application
Traceback (most recent call last):
  File "/Users/willneedlman/finance_dashboard/venv/lib/python3.13/site-packages/uvicorn/protocols/http/httptools_impl.py", line 421, in run_asgi
    result = await app(  # type: ignore[func-returns-value]
             ^^^^^^^^^^^^^^^^^^^^^^^^^^^^^^^^^^^^^^^^^^^^^^
        self.scope, self.receive, self.send
        ^^^^^^^^^^^^^^^^^^^^^^^^^^^^^^^^^^^
    )
    ^
  File "/Users/willneedlman/finance_dashboard/venv/lib/python3.13/site-packages/uvicorn/middleware/proxy_headers.py", line 63, in __call__
    return await self.app(scope, receive, send)
           ^^^^^^^^^^^^^^^^^^^^^^^^^^^^^^^^^^^^
  File "/Users/willneedlman/finance_dashboard/venv/lib/python3.13/site-packages/fastapi/applications.py", line 1159, in __call__
    await super().__call__(scope, receive, send)
  File "/Users/willneedlman/finance_dashboard/venv/lib/python3.13/site-packages/starlette/applications.py", line 90, in __call__
    await self.middleware_stack(scope, receive, send)
  File "/Users/willneedlman/finance_dashboard/venv/lib/python3.13/site-packages/starlette/middleware/errors.py", line 186, in __call__
    raise exc
  File "/Users/willneedlman/finance_dashboard/venv/lib/python3.13/site-packages/starlette/middleware/errors.py", line 164, in __call__
    await self.app(scope, receive, _send)
  File "/Users/willneedlman/finance_dashboard/venv/lib/python3.13/site-packages/starlette/middleware/base.py", line 191, in __call__
    with recv_stream, send_stream, collapse_excgroups():
                                   ~~~~~~~~~~~~~~~~~~^^
  File "/Library/Frameworks/Python.framework/Versions/3.13/lib/python3.13/contextlib.py", line 162, in __exit__
    self.gen.throw(value)
    ~~~~~~~~~~~~~~^^^^^^^
  File "/Users/willneedlman/finance_dashboard/venv/lib/python3.13/site-packages/starlette/_utils.py", line 87, in collapse_excgroups
    raise exc
  File "/Users/willneedlman/finance_dashboard/venv/lib/python3.13/site-packages/starlette/middleware/base.py", line 193, in __call__
    response = await self.dispatch_func(request, call_next)
               ^^^^^^^^^^^^^^^^^^^^^^^^^^^^^^^^^^^^^^^^^^^^
  File "/Users/willneedlman/finance_dashboard/backend/main.py", line 32, in dispatch
    response = await call_next(request)
               ^^^^^^^^^^^^^^^^^^^^^^^^
  File "/Users/willneedlman/finance_dashboard/venv/lib/python3.13/site-packages/starlette/middleware/base.py", line 168, in call_next
    raise app_exc from app_exc.__cause__ or app_exc.__context__
  File "/Users/willneedlman/finance_dashboard/venv/lib/python3.13/site-packages/starlette/middleware/base.py", line 144, in coro
    await self.app(scope, receive_or_disconnect, send_no_error)
  File "/Users/willneedlman/finance_dashboard/venv/lib/python3.13/site-packages/starlette/middleware/cors.py", line 88, in __call__
    await self.app(scope, receive, send)
  File "/Users/willneedlman/finance_dashboard/venv/lib/python3.13/site-packages/starlette/middleware/exceptions.py", line 63, in __call__
    await wrap_app_handling_exceptions(self.app, conn)(scope, receive, send)
  File "/Users/willneedlman/finance_dashboard/venv/lib/python3.13/site-packages/starlette/_exception_handler.py", line 53, in wrapped_app
    raise exc
  File "/Users/willneedlman/finance_dashboard/venv/lib/python3.13/site-packages/starlette/_exception_handler.py", line 42, in wrapped_app
    await app(scope, receive, sender)
  File "/Users/willneedlman/finance_dashboard/venv/lib/python3.13/site-packages/fastapi/middleware/asyncexitstack.py", line 18, in __call__
    await self.app(scope, receive, send)
  File "/Users/willneedlman/finance_dashboard/venv/lib/python3.13/site-packages/starlette/routing.py", line 660, in __call__
    await self.middleware_stack(scope, receive, send)
  File "/Users/willneedlman/finance_dashboard/venv/lib/python3.13/site-packages/starlette/routing.py", line 680, in app
    await route.handle(scope, receive, send)
  File "/Users/willneedlman/finance_dashboard/venv/lib/python3.13/site-packages/starlette/routing.py", line 276, in handle
    await self.app(scope, receive, send)
  File "/Users/willneedlman/finance_dashboard/venv/lib/python3.13/site-packages/fastapi/routing.py", line 134, in app
    await wrap_app_handling_exceptions(app, request)(scope, receive, send)
  File "/Users/willneedlman/finance_dashboard/venv/lib/python3.13/site-packages/starlette/_exception_handler.py", line 53, in wrapped_app
    raise exc
  File "/Users/willneedlman/finance_dashboard/venv/lib/python3.13/site-packages/starlette/_exception_handler.py", line 42, in wrapped_app
    await app(scope, receive, sender)
  File "/Users/willneedlman/finance_dashboard/venv/lib/python3.13/site-packages/fastapi/routing.py", line 120, in app
    response = await f(request)
               ^^^^^^^^^^^^^^^^
  File "/Users/willneedlman/finance_dashboard/venv/lib/python3.13/site-packages/fastapi/routing.py", line 715, in app
    response = actual_response_class(content, **response_args)
  File "/Users/willneedlman/finance_dashboard/venv/lib/python3.13/site-packages/starlette/responses.py", line 192, in __init__
    super().__init__(content, status_code, headers, media_type, background)
    ~~~~~~~~~~~~~~~~^^^^^^^^^^^^^^^^^^^^^^^^^^^^^^^^^^^^^^^^^^^^^^^^^^^^^^^
  File "/Users/willneedlman/finance_dashboard/venv/lib/python3.13/site-packages/starlette/responses.py", line 45, in __init__
    self.body = self.render(content)
                ~~~~~~~~~~~^^^^^^^^^
  File "/Users/willneedlman/finance_dashboard/venv/lib/python3.13/site-packages/starlette/responses.py", line 195, in render
    return json.dumps(
           ~~~~~~~~~~^
        content,
        ^^^^^^^^
    ...<3 lines>...
        separators=(",", ":"),
        ^^^^^^^^^^^^^^^^^^^^^^
    ).encode("utf-8")
    ^
  File "/Library/Frameworks/Python.framework/Versions/3.13/lib/python3.13/json/__init__.py", line 238, in dumps
    **kw).encode(obj)
          ~~~~~~^^^^^
  File "/Library/Frameworks/Python.framework/Versions/3.13/lib/python3.13/json/encoder.py", line 200, in encode
    chunks = self.iterencode(o, _one_shot=True)
  File "/Library/Frameworks/Python.framework/Versions/3.13/lib/python3.13/json/encoder.py", line 261, in iterencode
    return _iterencode(o, 0)
ValueError: Out of range float values are not JSON compliant: nan
INFO:     127.0.0.1:58941 - "GET /api/corporate/hub/insider?ticker=OWL HTTP/1.1" 200 OK
INFO:     127.0.0.1:58926 - "GET /api/corporate/hub/insider?ticker=SLS HTTP/1.1" 200 OK
INFO:     127.0.0.1:58944 - "GET /api/corporate/hub/insider?ticker=AMZN HTTP/1.1" 500 Internal Server Error
ERROR:    Exception in ASGI application
Traceback (most recent call last):
  File "/Users/willneedlman/finance_dashboard/venv/lib/python3.13/site-packages/uvicorn/protocols/http/httptools_impl.py", line 421, in run_asgi
    result = await app(  # type: ignore[func-returns-value]
             ^^^^^^^^^^^^^^^^^^^^^^^^^^^^^^^^^^^^^^^^^^^^^^
        self.scope, self.receive, self.send
        ^^^^^^^^^^^^^^^^^^^^^^^^^^^^^^^^^^^
    )
    ^
  File "/Users/willneedlman/finance_dashboard/venv/lib/python3.13/site-packages/uvicorn/middleware/proxy_headers.py", line 63, in __call__
    return await self.app(scope, receive, send)
           ^^^^^^^^^^^^^^^^^^^^^^^^^^^^^^^^^^^^
  File "/Users/willneedlman/finance_dashboard/venv/lib/python3.13/site-packages/fastapi/applications.py", line 1159, in __call__
    await super().__call__(scope, receive, send)
  File "/Users/willneedlman/finance_dashboard/venv/lib/python3.13/site-packages/starlette/applications.py", line 90, in __call__
    await self.middleware_stack(scope, receive, send)
  File "/Users/willneedlman/finance_dashboard/venv/lib/python3.13/site-packages/starlette/middleware/errors.py", line 186, in __call__
    raise exc
  File "/Users/willneedlman/finance_dashboard/venv/lib/python3.13/site-packages/starlette/middleware/errors.py", line 164, in __call__
    await self.app(scope, receive, _send)
  File "/Users/willneedlman/finance_dashboard/venv/lib/python3.13/site-packages/starlette/middleware/base.py", line 191, in __call__
    with recv_stream, send_stream, collapse_excgroups():
                                   ~~~~~~~~~~~~~~~~~~^^
  File "/Library/Frameworks/Python.framework/Versions/3.13/lib/python3.13/contextlib.py", line 162, in __exit__
    self.gen.throw(value)
    ~~~~~~~~~~~~~~^^^^^^^
  File "/Users/willneedlman/finance_dashboard/venv/lib/python3.13/site-packages/starlette/_utils.py", line 87, in collapse_excgroups
    raise exc
  File "/Users/willneedlman/finance_dashboard/venv/lib/python3.13/site-packages/starlette/middleware/base.py", line 193, in __call__
    response = await self.dispatch_func(request, call_next)
               ^^^^^^^^^^^^^^^^^^^^^^^^^^^^^^^^^^^^^^^^^^^^
  File "/Users/willneedlman/finance_dashboard/backend/main.py", line 32, in dispatch
    response = await call_next(request)
               ^^^^^^^^^^^^^^^^^^^^^^^^
  File "/Users/willneedlman/finance_dashboard/venv/lib/python3.13/site-packages/starlette/middleware/base.py", line 168, in call_next
    raise app_exc from app_exc.__cause__ or app_exc.__context__
  File "/Users/willneedlman/finance_dashboard/venv/lib/python3.13/site-packages/starlette/middleware/base.py", line 144, in coro
    await self.app(scope, receive_or_disconnect, send_no_error)
  File "/Users/willneedlman/finance_dashboard/venv/lib/python3.13/site-packages/starlette/middleware/cors.py", line 88, in __call__
    await self.app(scope, receive, send)
  File "/Users/willneedlman/finance_dashboard/venv/lib/python3.13/site-packages/starlette/middleware/exceptions.py", line 63, in __call__
    await wrap_app_handling_exceptions(self.app, conn)(scope, receive, send)
  File "/Users/willneedlman/finance_dashboard/venv/lib/python3.13/site-packages/starlette/_exception_handler.py", line 53, in wrapped_app
    raise exc
  File "/Users/willneedlman/finance_dashboard/venv/lib/python3.13/site-packages/starlette/_exception_handler.py", line 42, in wrapped_app
    await app(scope, receive, sender)
  File "/Users/willneedlman/finance_dashboard/venv/lib/python3.13/site-packages/fastapi/middleware/asyncexitstack.py", line 18, in __call__
    await self.app(scope, receive, send)
  File "/Users/willneedlman/finance_dashboard/venv/lib/python3.13/site-packages/starlette/routing.py", line 660, in __call__
    await self.middleware_stack(scope, receive, send)
  File "/Users/willneedlman/finance_dashboard/venv/lib/python3.13/site-packages/starlette/routing.py", line 680, in app
    await route.handle(scope, receive, send)
  File "/Users/willneedlman/finance_dashboard/venv/lib/python3.13/site-packages/starlette/routing.py", line 276, in handle
    await self.app(scope, receive, send)
  File "/Users/willneedlman/finance_dashboard/venv/lib/python3.13/site-packages/fastapi/routing.py", line 134, in app
    await wrap_app_handling_exceptions(app, request)(scope, receive, send)
  File "/Users/willneedlman/finance_dashboard/venv/lib/python3.13/site-packages/starlette/_exception_handler.py", line 53, in wrapped_app
    raise exc
  File "/Users/willneedlman/finance_dashboard/venv/lib/python3.13/site-packages/starlette/_exception_handler.py", line 42, in wrapped_app
    await app(scope, receive, sender)
  File "/Users/willneedlman/finance_dashboard/venv/lib/python3.13/site-packages/fastapi/routing.py", line 120, in app
    response = await f(request)
               ^^^^^^^^^^^^^^^^
  File "/Users/willneedlman/finance_dashboard/venv/lib/python3.13/site-packages/fastapi/routing.py", line 715, in app
    response = actual_response_class(content, **response_args)
  File "/Users/willneedlman/finance_dashboard/venv/lib/python3.13/site-packages/starlette/responses.py", line 192, in __init__
    super().__init__(content, status_code, headers, media_type, background)
    ~~~~~~~~~~~~~~~~^^^^^^^^^^^^^^^^^^^^^^^^^^^^^^^^^^^^^^^^^^^^^^^^^^^^^^^
  File "/Users/willneedlman/finance_dashboard/venv/lib/python3.13/site-packages/starlette/responses.py", line 45, in __init__
    self.body = self.render(content)
                ~~~~~~~~~~~^^^^^^^^^
  File "/Users/willneedlman/finance_dashboard/venv/lib/python3.13/site-packages/starlette/responses.py", line 195, in render
    return json.dumps(
           ~~~~~~~~~~^
        content,
        ^^^^^^^^
    ...<3 lines>...
        separators=(",", ":"),
        ^^^^^^^^^^^^^^^^^^^^^^
    ).encode("utf-8")
    ^
  File "/Library/Frameworks/Python.framework/Versions/3.13/lib/python3.13/json/__init__.py", line 238, in dumps
    **kw).encode(obj)
          ~~~~~~^^^^^
  File "/Library/Frameworks/Python.framework/Versions/3.13/lib/python3.13/json/encoder.py", line 200, in encode
    chunks = self.iterencode(o, _one_shot=True)
  File "/Library/Frameworks/Python.framework/Versions/3.13/lib/python3.13/json/encoder.py", line 261, in iterencode
    return _iterencode(o, 0)
ValueError: Out of range float values are not JSON compliant: nan
INFO:     127.0.0.1:58948 - "POST /api/correlation/matrix HTTP/1.1" 200 OK
INFO:     127.0.0.1:58966 - "POST /api/options/price HTTP/1.1" 200 OK
INFO:     127.0.0.1:58967 - "POST /api/options/payoff HTTP/1.1" 200 OK
INFO:     127.0.0.1:58969 - "POST /api/options/price HTTP/1.1" 200 OK
INFO:     127.0.0.1:58968 - "POST /api/options/surface HTTP/1.1" 200 OK
INFO:     127.0.0.1:58970 - "POST /api/options/surface HTTP/1.1" 200 OK
INFO:     127.0.0.1:58971 - "POST /api/options/payoff HTTP/1.1" 200 OK
INFO:     127.0.0.1:58977 - "GET /api/market/history?ticker=SPY&start=2024-01-01 HTTP/1.1" 200 OK
INFO:     127.0.0.1:58976 - "GET /api/options/chain?ticker=SPY HTTP/1.1" 200 OK
INFO:     127.0.0.1:58984 - "GET /api/prob/chain-distribution?ticker=SPY&expiry=2026-07-02 HTTP/1.1" 200 OK
INFO:     127.0.0.1:58983 - "POST /api/prob/cone HTTP/1.1" 200 OK
INFO:     127.0.0.1:58993 - "GET /api/options/chain?ticker=SPY HTTP/1.1" 200 OK
INFO:     127.0.0.1:58992 - "GET /api/options/gex?ticker=SPY HTTP/1.1" 200 OK
INFO:     127.0.0.1:58997 - "POST /api/bond/analytics HTTP/1.1" 200 OK
INFO:     127.0.0.1:59004 - "GET /api/rates/fed-projections HTTP/1.1" 200 OK
INFO:     127.0.0.1:59003 - "GET /api/rates/yield-curve HTTP/1.1" 200 OK
INFO:     127.0.0.1:59008 - "POST /api/portfolio/backtest HTTP/1.1" 200 OK
INFO:     127.0.0.1:59016 - "GET /api/market/history?ticker=SPY&start=2020-01-01 HTTP/1.1" 200 OK
INFO:     127.0.0.1:59024 - "GET /api/rates/risk-free HTTP/1.1" 200 OK
INFO:     127.0.0.1:59023 - "GET /api/dcf/fundamentals?ticker=AAPL HTTP/1.1" 200 OK
INFO:     127.0.0.1:59032 - "GET /api/market/history?ticker=AAPL HTTP/1.1" 200 OK
INFO:     127.0.0.1:59038 - "POST /api/nav/proxy HTTP/1.1" 200 OK
INFO:     127.0.0.1:59057 - "POST /api/bond/analytics HTTP/1.1" 200 OK
WARNING:  WatchFiles detected changes in 'main.py'. Reloading...
INFO:     Shutting down
INFO:     Waiting for application shutdown.
INFO:     Application shutdown complete.
INFO:     Finished server process [97052]
INFO:     Started server process [97416]
INFO:     Waiting for application startup.
INFO:     Application startup complete.
WARNING:  WatchFiles detected changes in 'main.py'. Reloading...
INFO:     Shutting down
INFO:     Waiting for application shutdown.
INFO:     Application shutdown complete.
INFO:     Finished server process [97416]
INFO:     Started server process [97433]
INFO:     Waiting for application startup.
INFO:     Application startup complete.
WARNING:  WatchFiles detected changes in 'main.py'. Reloading...
INFO:     Shutting down
INFO:     Waiting for application shutdown.
INFO:     Application shutdown complete.
INFO:     Finished server process [97433]
INFO:     Started server process [98548]
INFO:     Waiting for application startup.
INFO:     Application startup complete.
WARNING:  WatchFiles detected changes in 'main.py'. Reloading...
INFO:     Shutting down
INFO:     Waiting for application shutdown.
INFO:     Application shutdown complete.
INFO:     Finished server process [98548]
INFO:     Started server process [98838]
INFO:     Waiting for application startup.
INFO:     Application startup complete.
INFO:     127.0.0.1:50656 - "GET /api/prob/chain-distribution?ticker=SPY&expiry=2026-07-02 HTTP/1.1" 200 OK
INFO:     127.0.0.1:50655 - "POST /api/prob/cone HTTP/1.1" 200 OK
INFO:     127.0.0.1:50675 - "POST /api/options/price HTTP/1.1" 200 OK
INFO:     127.0.0.1:50676 - "POST /api/options/payoff HTTP/1.1" 200 OK
INFO:     127.0.0.1:50677 - "POST /api/options/surface HTTP/1.1" 200 OK
INFO:     127.0.0.1:50678 - "POST /api/options/price HTTP/1.1" 200 OK
INFO:     127.0.0.1:50679 - "POST /api/options/payoff HTTP/1.1" 200 OK
INFO:     127.0.0.1:50680 - "POST /api/options/surface HTTP/1.1" 200 OK
INFO:     127.0.0.1:50876 - "GET /api/rates/fed-projections HTTP/1.1" 200 OK
INFO:     127.0.0.1:50875 - "GET /api/rates/yield-curve HTTP/1.1" 200 OK
WARNING:  WatchFiles detected changes in 'fmp.py'. Reloading...
INFO:     Shutting down
INFO:     Waiting for application shutdown.
INFO:     Application shutdown complete.
INFO:     Finished server process [98838]
INFO:     Started server process [2771]
INFO:     Waiting for application startup.
INFO:     Application startup complete.
INFO:     127.0.0.1:51712 - "GET /api/rates/fed-projections HTTP/1.1" 200 OK
INFO:     127.0.0.1:51711 - "GET /api/rates/yield-curve HTTP/1.1" 200 OK
INFO:     127.0.0.1:51783 - "GET /api/rates/yield-curve HTTP/1.1" 200 OK
INFO:     127.0.0.1:51784 - "GET /api/rates/fed-projections HTTP/1.1" 200 OK
INFO:     127.0.0.1:51795 - "GET /api/market/history?ticker=SPY&start=2020-01-01&end=2024-12-31 HTTP/1.1" 200 OK
INFO:     127.0.0.1:51811 - "GET /api/corporate/hub?ticker=SLS HTTP/1.1" 200 OK
INFO:     127.0.0.1:51809 - "GET /api/corporate/hub?ticker=NVDA HTTP/1.1" 200 OK
INFO:     127.0.0.1:51810 - "GET /api/corporate/hub?ticker=AAPL HTTP/1.1" 200 OK
INFO:     127.0.0.1:51813 - "GET /api/corporate/hub?ticker=TOST HTTP/1.1" 200 OK
INFO:     127.0.0.1:51812 - "GET /api/corporate/hub?ticker=MSTR HTTP/1.1" 200 OK
INFO:     127.0.0.1:51814 - "GET /api/corporate/hub?ticker=VST HTTP/1.1" 200 OK
INFO:     127.0.0.1:51836 - "GET /api/corporate/hub?ticker=OWL HTTP/1.1" 200 OK
INFO:     127.0.0.1:51839 - "GET /api/corporate/hub?ticker=AMZN HTTP/1.1" 200 OK
INFO:     127.0.0.1:51858 - "GET /api/corporate/hub/short?ticker=MSTR HTTP/1.1" 200 OK
INFO:     127.0.0.1:51856 - "GET /api/corporate/hub/short?ticker=AAPL HTTP/1.1" 200 OK
INFO:     127.0.0.1:51855 - "GET /api/corporate/hub/short?ticker=NVDA HTTP/1.1" 200 OK
INFO:     127.0.0.1:51859 - "GET /api/corporate/hub/short?ticker=TOST HTTP/1.1" 200 OK
INFO:     127.0.0.1:51857 - "GET /api/corporate/hub/short?ticker=SLS HTTP/1.1" 200 OK
INFO:     127.0.0.1:51860 - "GET /api/corporate/hub/short?ticker=VST HTTP/1.1" 200 OK
INFO:     127.0.0.1:51869 - "GET /api/corporate/hub/short?ticker=OWL HTTP/1.1" 200 OK
INFO:     127.0.0.1:51872 - "GET /api/corporate/hub/short?ticker=AMZN HTTP/1.1" 200 OK
INFO:     127.0.0.1:51885 - "GET /api/corporate/hub?ticker=NVDA HTTP/1.1" 200 OK
INFO:     127.0.0.1:51886 - "GET /api/corporate/hub?ticker=AAPL HTTP/1.1" 200 OK
INFO:     127.0.0.1:51887 - "GET /api/corporate/hub?ticker=SLS HTTP/1.1" 200 OK
INFO:     127.0.0.1:51888 - "GET /api/corporate/hub?ticker=MSTR HTTP/1.1" 200 OK
INFO:     127.0.0.1:51889 - "GET /api/corporate/hub?ticker=TOST HTTP/1.1" 200 OK
INFO:     127.0.0.1:51890 - "GET /api/corporate/hub?ticker=VST HTTP/1.1" 200 OK
INFO:     127.0.0.1:51895 - "GET /api/corporate/hub?ticker=OWL HTTP/1.1" 200 OK
INFO:     127.0.0.1:51896 - "GET /api/corporate/hub?ticker=AMZN HTTP/1.1" 200 OK
INFO:     127.0.0.1:51909 - "GET /api/corporate/hub/short?ticker=NVDA HTTP/1.1" 200 OK
INFO:     127.0.0.1:51910 - "GET /api/corporate/hub/short?ticker=AAPL HTTP/1.1" 200 OK
INFO:     127.0.0.1:51911 - "GET /api/corporate/hub/short?ticker=SLS HTTP/1.1" 200 OK
INFO:     127.0.0.1:51912 - "GET /api/corporate/hub/short?ticker=MSTR HTTP/1.1" 200 OK
INFO:     127.0.0.1:51913 - "GET /api/corporate/hub/short?ticker=TOST HTTP/1.1" 200 OK
INFO:     127.0.0.1:51914 - "GET /api/corporate/hub/short?ticker=VST HTTP/1.1" 200 OK
INFO:     127.0.0.1:51925 - "GET /api/corporate/hub/short?ticker=OWL HTTP/1.1" 200 OK
INFO:     127.0.0.1:51928 - "GET /api/corporate/hub/short?ticker=AMZN HTTP/1.1" 200 OK
INFO:     127.0.0.1:51929 - "GET /api/corporate/hub/insider?ticker=NVDA HTTP/1.1" 200 OK
INFO:     127.0.0.1:51935 - "GET /api/corporate/hub/insider?ticker=TOST HTTP/1.1" 500 Internal Server Error
ERROR:    Exception in ASGI application
Traceback (most recent call last):
  File "/Users/willneedlman/finance_dashboard/venv/lib/python3.13/site-packages/uvicorn/protocols/http/httptools_impl.py", line 421, in run_asgi
    result = await app(  # type: ignore[func-returns-value]
             ^^^^^^^^^^^^^^^^^^^^^^^^^^^^^^^^^^^^^^^^^^^^^^
        self.scope, self.receive, self.send
        ^^^^^^^^^^^^^^^^^^^^^^^^^^^^^^^^^^^
    )
    ^
  File "/Users/willneedlman/finance_dashboard/venv/lib/python3.13/site-packages/uvicorn/middleware/proxy_headers.py", line 63, in __call__
    return await self.app(scope, receive, send)
           ^^^^^^^^^^^^^^^^^^^^^^^^^^^^^^^^^^^^
  File "/Users/willneedlman/finance_dashboard/venv/lib/python3.13/site-packages/fastapi/applications.py", line 1159, in __call__
    await super().__call__(scope, receive, send)
  File "/Users/willneedlman/finance_dashboard/venv/lib/python3.13/site-packages/starlette/applications.py", line 90, in __call__
    await self.middleware_stack(scope, receive, send)
  File "/Users/willneedlman/finance_dashboard/venv/lib/python3.13/site-packages/starlette/middleware/errors.py", line 186, in __call__
    raise exc
  File "/Users/willneedlman/finance_dashboard/venv/lib/python3.13/site-packages/starlette/middleware/errors.py", line 164, in __call__
    await self.app(scope, receive, _send)
  File "/Users/willneedlman/finance_dashboard/venv/lib/python3.13/site-packages/starlette/middleware/base.py", line 191, in __call__
    with recv_stream, send_stream, collapse_excgroups():
                                   ~~~~~~~~~~~~~~~~~~^^
  File "/Library/Frameworks/Python.framework/Versions/3.13/lib/python3.13/contextlib.py", line 162, in __exit__
    self.gen.throw(value)
    ~~~~~~~~~~~~~~^^^^^^^
  File "/Users/willneedlman/finance_dashboard/venv/lib/python3.13/site-packages/starlette/_utils.py", line 87, in collapse_excgroups
    raise exc
  File "/Users/willneedlman/finance_dashboard/venv/lib/python3.13/site-packages/starlette/middleware/base.py", line 193, in __call__
    response = await self.dispatch_func(request, call_next)
               ^^^^^^^^^^^^^^^^^^^^^^^^^^^^^^^^^^^^^^^^^^^^
  File "/Users/willneedlman/finance_dashboard/backend/main.py", line 34, in dispatch
    response = await call_next(request)
               ^^^^^^^^^^^^^^^^^^^^^^^^
  File "/Users/willneedlman/finance_dashboard/venv/lib/python3.13/site-packages/starlette/middleware/base.py", line 168, in call_next
    raise app_exc from app_exc.__cause__ or app_exc.__context__
  File "/Users/willneedlman/finance_dashboard/venv/lib/python3.13/site-packages/starlette/middleware/base.py", line 144, in coro
    await self.app(scope, receive_or_disconnect, send_no_error)
  File "/Users/willneedlman/finance_dashboard/venv/lib/python3.13/site-packages/starlette/middleware/cors.py", line 88, in __call__
    await self.app(scope, receive, send)
  File "/Users/willneedlman/finance_dashboard/venv/lib/python3.13/site-packages/starlette/middleware/exceptions.py", line 63, in __call__
    await wrap_app_handling_exceptions(self.app, conn)(scope, receive, send)
  File "/Users/willneedlman/finance_dashboard/venv/lib/python3.13/site-packages/starlette/_exception_handler.py", line 53, in wrapped_app
    raise exc
  File "/Users/willneedlman/finance_dashboard/venv/lib/python3.13/site-packages/starlette/_exception_handler.py", line 42, in wrapped_app
    await app(scope, receive, sender)
  File "/Users/willneedlman/finance_dashboard/venv/lib/python3.13/site-packages/fastapi/middleware/asyncexitstack.py", line 18, in __call__
    await self.app(scope, receive, send)
  File "/Users/willneedlman/finance_dashboard/venv/lib/python3.13/site-packages/starlette/routing.py", line 660, in __call__
    await self.middleware_stack(scope, receive, send)
  File "/Users/willneedlman/finance_dashboard/venv/lib/python3.13/site-packages/starlette/routing.py", line 680, in app
    await route.handle(scope, receive, send)
  File "/Users/willneedlman/finance_dashboard/venv/lib/python3.13/site-packages/starlette/routing.py", line 276, in handle
    await self.app(scope, receive, send)
  File "/Users/willneedlman/finance_dashboard/venv/lib/python3.13/site-packages/fastapi/routing.py", line 134, in app
    await wrap_app_handling_exceptions(app, request)(scope, receive, send)
  File "/Users/willneedlman/finance_dashboard/venv/lib/python3.13/site-packages/starlette/_exception_handler.py", line 53, in wrapped_app
    raise exc
  File "/Users/willneedlman/finance_dashboard/venv/lib/python3.13/site-packages/starlette/_exception_handler.py", line 42, in wrapped_app
    await app(scope, receive, sender)
  File "/Users/willneedlman/finance_dashboard/venv/lib/python3.13/site-packages/fastapi/routing.py", line 120, in app
    response = await f(request)
               ^^^^^^^^^^^^^^^^
  File "/Users/willneedlman/finance_dashboard/venv/lib/python3.13/site-packages/fastapi/routing.py", line 715, in app
    response = actual_response_class(content, **response_args)
  File "/Users/willneedlman/finance_dashboard/venv/lib/python3.13/site-packages/starlette/responses.py", line 192, in __init__
    super().__init__(content, status_code, headers, media_type, background)
    ~~~~~~~~~~~~~~~~^^^^^^^^^^^^^^^^^^^^^^^^^^^^^^^^^^^^^^^^^^^^^^^^^^^^^^^
  File "/Users/willneedlman/finance_dashboard/venv/lib/python3.13/site-packages/starlette/responses.py", line 45, in __init__
    self.body = self.render(content)
                ~~~~~~~~~~~^^^^^^^^^
  File "/Users/willneedlman/finance_dashboard/venv/lib/python3.13/site-packages/starlette/responses.py", line 195, in render
    return json.dumps(
           ~~~~~~~~~~^
        content,
        ^^^^^^^^
    ...<3 lines>...
        separators=(",", ":"),
        ^^^^^^^^^^^^^^^^^^^^^^
    ).encode("utf-8")
    ^
  File "/Library/Frameworks/Python.framework/Versions/3.13/lib/python3.13/json/__init__.py", line 238, in dumps
    **kw).encode(obj)
          ~~~~~~^^^^^
  File "/Library/Frameworks/Python.framework/Versions/3.13/lib/python3.13/json/encoder.py", line 200, in encode
    chunks = self.iterencode(o, _one_shot=True)
  File "/Library/Frameworks/Python.framework/Versions/3.13/lib/python3.13/json/encoder.py", line 261, in iterencode
    return _iterencode(o, 0)
ValueError: Out of range float values are not JSON compliant: nan
INFO:     127.0.0.1:51938 - "GET /api/corporate/hub/insider?ticker=VST HTTP/1.1" 200 OK
INFO:     127.0.0.1:51931 - "GET /api/corporate/hub/insider?ticker=SLS HTTP/1.1" 200 OK
INFO:     127.0.0.1:51930 - "GET /api/corporate/hub/insider?ticker=AAPL HTTP/1.1" 500 Internal Server Error
ERROR:    Exception in ASGI application
Traceback (most recent call last):
  File "/Users/willneedlman/finance_dashboard/venv/lib/python3.13/site-packages/uvicorn/protocols/http/httptools_impl.py", line 421, in run_asgi
    result = await app(  # type: ignore[func-returns-value]
             ^^^^^^^^^^^^^^^^^^^^^^^^^^^^^^^^^^^^^^^^^^^^^^
        self.scope, self.receive, self.send
        ^^^^^^^^^^^^^^^^^^^^^^^^^^^^^^^^^^^
    )
    ^
  File "/Users/willneedlman/finance_dashboard/venv/lib/python3.13/site-packages/uvicorn/middleware/proxy_headers.py", line 63, in __call__
    return await self.app(scope, receive, send)
           ^^^^^^^^^^^^^^^^^^^^^^^^^^^^^^^^^^^^
  File "/Users/willneedlman/finance_dashboard/venv/lib/python3.13/site-packages/fastapi/applications.py", line 1159, in __call__
    await super().__call__(scope, receive, send)
  File "/Users/willneedlman/finance_dashboard/venv/lib/python3.13/site-packages/starlette/applications.py", line 90, in __call__
    await self.middleware_stack(scope, receive, send)
  File "/Users/willneedlman/finance_dashboard/venv/lib/python3.13/site-packages/starlette/middleware/errors.py", line 186, in __call__
    raise exc
  File "/Users/willneedlman/finance_dashboard/venv/lib/python3.13/site-packages/starlette/middleware/errors.py", line 164, in __call__
    await self.app(scope, receive, _send)
  File "/Users/willneedlman/finance_dashboard/venv/lib/python3.13/site-packages/starlette/middleware/base.py", line 191, in __call__
    with recv_stream, send_stream, collapse_excgroups():
                                   ~~~~~~~~~~~~~~~~~~^^
  File "/Library/Frameworks/Python.framework/Versions/3.13/lib/python3.13/contextlib.py", line 162, in __exit__
    self.gen.throw(value)
    ~~~~~~~~~~~~~~^^^^^^^
  File "/Users/willneedlman/finance_dashboard/venv/lib/python3.13/site-packages/starlette/_utils.py", line 87, in collapse_excgroups
    raise exc
  File "/Users/willneedlman/finance_dashboard/venv/lib/python3.13/site-packages/starlette/middleware/base.py", line 193, in __call__
    response = await self.dispatch_func(request, call_next)
               ^^^^^^^^^^^^^^^^^^^^^^^^^^^^^^^^^^^^^^^^^^^^
  File "/Users/willneedlman/finance_dashboard/backend/main.py", line 34, in dispatch
    response = await call_next(request)
               ^^^^^^^^^^^^^^^^^^^^^^^^
  File "/Users/willneedlman/finance_dashboard/venv/lib/python3.13/site-packages/starlette/middleware/base.py", line 168, in call_next
    raise app_exc from app_exc.__cause__ or app_exc.__context__
  File "/Users/willneedlman/finance_dashboard/venv/lib/python3.13/site-packages/starlette/middleware/base.py", line 144, in coro
    await self.app(scope, receive_or_disconnect, send_no_error)
  File "/Users/willneedlman/finance_dashboard/venv/lib/python3.13/site-packages/starlette/middleware/cors.py", line 88, in __call__
    await self.app(scope, receive, send)
  File "/Users/willneedlman/finance_dashboard/venv/lib/python3.13/site-packages/starlette/middleware/exceptions.py", line 63, in __call__
    await wrap_app_handling_exceptions(self.app, conn)(scope, receive, send)
  File "/Users/willneedlman/finance_dashboard/venv/lib/python3.13/site-packages/starlette/_exception_handler.py", line 53, in wrapped_app
    raise exc
  File "/Users/willneedlman/finance_dashboard/venv/lib/python3.13/site-packages/starlette/_exception_handler.py", line 42, in wrapped_app
    await app(scope, receive, sender)
  File "/Users/willneedlman/finance_dashboard/venv/lib/python3.13/site-packages/fastapi/middleware/asyncexitstack.py", line 18, in __call__
    await self.app(scope, receive, send)
  File "/Users/willneedlman/finance_dashboard/venv/lib/python3.13/site-packages/starlette/routing.py", line 660, in __call__
    await self.middleware_stack(scope, receive, send)
  File "/Users/willneedlman/finance_dashboard/venv/lib/python3.13/site-packages/starlette/routing.py", line 680, in app
    await route.handle(scope, receive, send)
  File "/Users/willneedlman/finance_dashboard/venv/lib/python3.13/site-packages/starlette/routing.py", line 276, in handle
    await self.app(scope, receive, send)
  File "/Users/willneedlman/finance_dashboard/venv/lib/python3.13/site-packages/fastapi/routing.py", line 134, in app
    await wrap_app_handling_exceptions(app, request)(scope, receive, send)
  File "/Users/willneedlman/finance_dashboard/venv/lib/python3.13/site-packages/starlette/_exception_handler.py", line 53, in wrapped_app
    raise exc
  File "/Users/willneedlman/finance_dashboard/venv/lib/python3.13/site-packages/starlette/_exception_handler.py", line 42, in wrapped_app
    await app(scope, receive, sender)
  File "/Users/willneedlman/finance_dashboard/venv/lib/python3.13/site-packages/fastapi/routing.py", line 120, in app
    response = await f(request)
               ^^^^^^^^^^^^^^^^
  File "/Users/willneedlman/finance_dashboard/venv/lib/python3.13/site-packages/fastapi/routing.py", line 715, in app
    response = actual_response_class(content, **response_args)
  File "/Users/willneedlman/finance_dashboard/venv/lib/python3.13/site-packages/starlette/responses.py", line 192, in __init__
    super().__init__(content, status_code, headers, media_type, background)
    ~~~~~~~~~~~~~~~~^^^^^^^^^^^^^^^^^^^^^^^^^^^^^^^^^^^^^^^^^^^^^^^^^^^^^^^
  File "/Users/willneedlman/finance_dashboard/venv/lib/python3.13/site-packages/starlette/responses.py", line 45, in __init__
    self.body = self.render(content)
                ~~~~~~~~~~~^^^^^^^^^
  File "/Users/willneedlman/finance_dashboard/venv/lib/python3.13/site-packages/starlette/responses.py", line 195, in render
    return json.dumps(
           ~~~~~~~~~~^
        content,
        ^^^^^^^^
    ...<3 lines>...
        separators=(",", ":"),
        ^^^^^^^^^^^^^^^^^^^^^^
    ).encode("utf-8")
    ^
  File "/Library/Frameworks/Python.framework/Versions/3.13/lib/python3.13/json/__init__.py", line 238, in dumps
    **kw).encode(obj)
          ~~~~~~^^^^^
  File "/Library/Frameworks/Python.framework/Versions/3.13/lib/python3.13/json/encoder.py", line 200, in encode
    chunks = self.iterencode(o, _one_shot=True)
  File "/Library/Frameworks/Python.framework/Versions/3.13/lib/python3.13/json/encoder.py", line 261, in iterencode
    return _iterencode(o, 0)
ValueError: Out of range float values are not JSON compliant: nan
INFO:     127.0.0.1:51932 - "GET /api/corporate/hub/insider?ticker=MSTR HTTP/1.1" 500 Internal Server Error
ERROR:    Exception in ASGI application
Traceback (most recent call last):
  File "/Users/willneedlman/finance_dashboard/venv/lib/python3.13/site-packages/uvicorn/protocols/http/httptools_impl.py", line 421, in run_asgi
    result = await app(  # type: ignore[func-returns-value]
             ^^^^^^^^^^^^^^^^^^^^^^^^^^^^^^^^^^^^^^^^^^^^^^
        self.scope, self.receive, self.send
        ^^^^^^^^^^^^^^^^^^^^^^^^^^^^^^^^^^^
    )
    ^
  File "/Users/willneedlman/finance_dashboard/venv/lib/python3.13/site-packages/uvicorn/middleware/proxy_headers.py", line 63, in __call__
    return await self.app(scope, receive, send)
           ^^^^^^^^^^^^^^^^^^^^^^^^^^^^^^^^^^^^
  File "/Users/willneedlman/finance_dashboard/venv/lib/python3.13/site-packages/fastapi/applications.py", line 1159, in __call__
    await super().__call__(scope, receive, send)
  File "/Users/willneedlman/finance_dashboard/venv/lib/python3.13/site-packages/starlette/applications.py", line 90, in __call__
    await self.middleware_stack(scope, receive, send)
  File "/Users/willneedlman/finance_dashboard/venv/lib/python3.13/site-packages/starlette/middleware/errors.py", line 186, in __call__
    raise exc
  File "/Users/willneedlman/finance_dashboard/venv/lib/python3.13/site-packages/starlette/middleware/errors.py", line 164, in __call__
    await self.app(scope, receive, _send)
  File "/Users/willneedlman/finance_dashboard/venv/lib/python3.13/site-packages/starlette/middleware/base.py", line 191, in __call__
    with recv_stream, send_stream, collapse_excgroups():
                                   ~~~~~~~~~~~~~~~~~~^^
  File "/Library/Frameworks/Python.framework/Versions/3.13/lib/python3.13/contextlib.py", line 162, in __exit__
    self.gen.throw(value)
    ~~~~~~~~~~~~~~^^^^^^^
  File "/Users/willneedlman/finance_dashboard/venv/lib/python3.13/site-packages/starlette/_utils.py", line 87, in collapse_excgroups
    raise exc
  File "/Users/willneedlman/finance_dashboard/venv/lib/python3.13/site-packages/starlette/middleware/base.py", line 193, in __call__
    response = await self.dispatch_func(request, call_next)
               ^^^^^^^^^^^^^^^^^^^^^^^^^^^^^^^^^^^^^^^^^^^^
  File "/Users/willneedlman/finance_dashboard/backend/main.py", line 34, in dispatch
    response = await call_next(request)
               ^^^^^^^^^^^^^^^^^^^^^^^^
  File "/Users/willneedlman/finance_dashboard/venv/lib/python3.13/site-packages/starlette/middleware/base.py", line 168, in call_next
    raise app_exc from app_exc.__cause__ or app_exc.__context__
  File "/Users/willneedlman/finance_dashboard/venv/lib/python3.13/site-packages/starlette/middleware/base.py", line 144, in coro
    await self.app(scope, receive_or_disconnect, send_no_error)
  File "/Users/willneedlman/finance_dashboard/venv/lib/python3.13/site-packages/starlette/middleware/cors.py", line 88, in __call__
    await self.app(scope, receive, send)
  File "/Users/willneedlman/finance_dashboard/venv/lib/python3.13/site-packages/starlette/middleware/exceptions.py", line 63, in __call__
    await wrap_app_handling_exceptions(self.app, conn)(scope, receive, send)
  File "/Users/willneedlman/finance_dashboard/venv/lib/python3.13/site-packages/starlette/_exception_handler.py", line 53, in wrapped_app
    raise exc
  File "/Users/willneedlman/finance_dashboard/venv/lib/python3.13/site-packages/starlette/_exception_handler.py", line 42, in wrapped_app
    await app(scope, receive, sender)
  File "/Users/willneedlman/finance_dashboard/venv/lib/python3.13/site-packages/fastapi/middleware/asyncexitstack.py", line 18, in __call__
    await self.app(scope, receive, send)
  File "/Users/willneedlman/finance_dashboard/venv/lib/python3.13/site-packages/starlette/routing.py", line 660, in __call__
    await self.middleware_stack(scope, receive, send)
  File "/Users/willneedlman/finance_dashboard/venv/lib/python3.13/site-packages/starlette/routing.py", line 680, in app
    await route.handle(scope, receive, send)
  File "/Users/willneedlman/finance_dashboard/venv/lib/python3.13/site-packages/starlette/routing.py", line 276, in handle
    await self.app(scope, receive, send)
  File "/Users/willneedlman/finance_dashboard/venv/lib/python3.13/site-packages/fastapi/routing.py", line 134, in app
    await wrap_app_handling_exceptions(app, request)(scope, receive, send)
  File "/Users/willneedlman/finance_dashboard/venv/lib/python3.13/site-packages/starlette/_exception_handler.py", line 53, in wrapped_app
    raise exc
  File "/Users/willneedlman/finance_dashboard/venv/lib/python3.13/site-packages/starlette/_exception_handler.py", line 42, in wrapped_app
    await app(scope, receive, sender)
  File "/Users/willneedlman/finance_dashboard/venv/lib/python3.13/site-packages/fastapi/routing.py", line 120, in app
    response = await f(request)
               ^^^^^^^^^^^^^^^^
  File "/Users/willneedlman/finance_dashboard/venv/lib/python3.13/site-packages/fastapi/routing.py", line 715, in app
    response = actual_response_class(content, **response_args)
  File "/Users/willneedlman/finance_dashboard/venv/lib/python3.13/site-packages/starlette/responses.py", line 192, in __init__
    super().__init__(content, status_code, headers, media_type, background)
    ~~~~~~~~~~~~~~~~^^^^^^^^^^^^^^^^^^^^^^^^^^^^^^^^^^^^^^^^^^^^^^^^^^^^^^^
  File "/Users/willneedlman/finance_dashboard/venv/lib/python3.13/site-packages/starlette/responses.py", line 45, in __init__
    self.body = self.render(content)
                ~~~~~~~~~~~^^^^^^^^^
  File "/Users/willneedlman/finance_dashboard/venv/lib/python3.13/site-packages/starlette/responses.py", line 195, in render
    return json.dumps(
           ~~~~~~~~~~^
        content,
        ^^^^^^^^
    ...<3 lines>...
        separators=(",", ":"),
        ^^^^^^^^^^^^^^^^^^^^^^
    ).encode("utf-8")
    ^
  File "/Library/Frameworks/Python.framework/Versions/3.13/lib/python3.13/json/__init__.py", line 238, in dumps
    **kw).encode(obj)
          ~~~~~~^^^^^
  File "/Library/Frameworks/Python.framework/Versions/3.13/lib/python3.13/json/encoder.py", line 200, in encode
    chunks = self.iterencode(o, _one_shot=True)
  File "/Library/Frameworks/Python.framework/Versions/3.13/lib/python3.13/json/encoder.py", line 261, in iterencode
    return _iterencode(o, 0)
ValueError: Out of range float values are not JSON compliant: nan
INFO:     127.0.0.1:51941 - "GET /api/corporate/hub/insider?ticker=OWL HTTP/1.1" 200 OK
INFO:     127.0.0.1:51944 - "GET /api/corporate/hub/insider?ticker=AMZN HTTP/1.1" 500 Internal Server Error
ERROR:    Exception in ASGI application
Traceback (most recent call last):
  File "/Users/willneedlman/finance_dashboard/venv/lib/python3.13/site-packages/uvicorn/protocols/http/httptools_impl.py", line 421, in run_asgi
    result = await app(  # type: ignore[func-returns-value]
             ^^^^^^^^^^^^^^^^^^^^^^^^^^^^^^^^^^^^^^^^^^^^^^
        self.scope, self.receive, self.send
        ^^^^^^^^^^^^^^^^^^^^^^^^^^^^^^^^^^^
    )
    ^
  File "/Users/willneedlman/finance_dashboard/venv/lib/python3.13/site-packages/uvicorn/middleware/proxy_headers.py", line 63, in __call__
    return await self.app(scope, receive, send)
           ^^^^^^^^^^^^^^^^^^^^^^^^^^^^^^^^^^^^
  File "/Users/willneedlman/finance_dashboard/venv/lib/python3.13/site-packages/fastapi/applications.py", line 1159, in __call__
    await super().__call__(scope, receive, send)
  File "/Users/willneedlman/finance_dashboard/venv/lib/python3.13/site-packages/starlette/applications.py", line 90, in __call__
    await self.middleware_stack(scope, receive, send)
  File "/Users/willneedlman/finance_dashboard/venv/lib/python3.13/site-packages/starlette/middleware/errors.py", line 186, in __call__
    raise exc
  File "/Users/willneedlman/finance_dashboard/venv/lib/python3.13/site-packages/starlette/middleware/errors.py", line 164, in __call__
    await self.app(scope, receive, _send)
  File "/Users/willneedlman/finance_dashboard/venv/lib/python3.13/site-packages/starlette/middleware/base.py", line 191, in __call__
    with recv_stream, send_stream, collapse_excgroups():
                                   ~~~~~~~~~~~~~~~~~~^^
  File "/Library/Frameworks/Python.framework/Versions/3.13/lib/python3.13/contextlib.py", line 162, in __exit__
    self.gen.throw(value)
    ~~~~~~~~~~~~~~^^^^^^^
  File "/Users/willneedlman/finance_dashboard/venv/lib/python3.13/site-packages/starlette/_utils.py", line 87, in collapse_excgroups
    raise exc
  File "/Users/willneedlman/finance_dashboard/venv/lib/python3.13/site-packages/starlette/middleware/base.py", line 193, in __call__
    response = await self.dispatch_func(request, call_next)
               ^^^^^^^^^^^^^^^^^^^^^^^^^^^^^^^^^^^^^^^^^^^^
  File "/Users/willneedlman/finance_dashboard/backend/main.py", line 34, in dispatch
    response = await call_next(request)
               ^^^^^^^^^^^^^^^^^^^^^^^^
  File "/Users/willneedlman/finance_dashboard/venv/lib/python3.13/site-packages/starlette/middleware/base.py", line 168, in call_next
    raise app_exc from app_exc.__cause__ or app_exc.__context__
  File "/Users/willneedlman/finance_dashboard/venv/lib/python3.13/site-packages/starlette/middleware/base.py", line 144, in coro
    await self.app(scope, receive_or_disconnect, send_no_error)
  File "/Users/willneedlman/finance_dashboard/venv/lib/python3.13/site-packages/starlette/middleware/cors.py", line 88, in __call__
    await self.app(scope, receive, send)
  File "/Users/willneedlman/finance_dashboard/venv/lib/python3.13/site-packages/starlette/middleware/exceptions.py", line 63, in __call__
    await wrap_app_handling_exceptions(self.app, conn)(scope, receive, send)
  File "/Users/willneedlman/finance_dashboard/venv/lib/python3.13/site-packages/starlette/_exception_handler.py", line 53, in wrapped_app
    raise exc
  File "/Users/willneedlman/finance_dashboard/venv/lib/python3.13/site-packages/starlette/_exception_handler.py", line 42, in wrapped_app
    await app(scope, receive, sender)
  File "/Users/willneedlman/finance_dashboard/venv/lib/python3.13/site-packages/fastapi/middleware/asyncexitstack.py", line 18, in __call__
    await self.app(scope, receive, send)
  File "/Users/willneedlman/finance_dashboard/venv/lib/python3.13/site-packages/starlette/routing.py", line 660, in __call__
    await self.middleware_stack(scope, receive, send)
  File "/Users/willneedlman/finance_dashboard/venv/lib/python3.13/site-packages/starlette/routing.py", line 680, in app
    await route.handle(scope, receive, send)
  File "/Users/willneedlman/finance_dashboard/venv/lib/python3.13/site-packages/starlette/routing.py", line 276, in handle
    await self.app(scope, receive, send)
  File "/Users/willneedlman/finance_dashboard/venv/lib/python3.13/site-packages/fastapi/routing.py", line 134, in app
    await wrap_app_handling_exceptions(app, request)(scope, receive, send)
  File "/Users/willneedlman/finance_dashboard/venv/lib/python3.13/site-packages/starlette/_exception_handler.py", line 53, in wrapped_app
    raise exc
  File "/Users/willneedlman/finance_dashboard/venv/lib/python3.13/site-packages/starlette/_exception_handler.py", line 42, in wrapped_app
    await app(scope, receive, sender)
  File "/Users/willneedlman/finance_dashboard/venv/lib/python3.13/site-packages/fastapi/routing.py", line 120, in app
    response = await f(request)
               ^^^^^^^^^^^^^^^^
  File "/Users/willneedlman/finance_dashboard/venv/lib/python3.13/site-packages/fastapi/routing.py", line 715, in app
    response = actual_response_class(content, **response_args)
  File "/Users/willneedlman/finance_dashboard/venv/lib/python3.13/site-packages/starlette/responses.py", line 192, in __init__
    super().__init__(content, status_code, headers, media_type, background)
    ~~~~~~~~~~~~~~~~^^^^^^^^^^^^^^^^^^^^^^^^^^^^^^^^^^^^^^^^^^^^^^^^^^^^^^^
  File "/Users/willneedlman/finance_dashboard/venv/lib/python3.13/site-packages/starlette/responses.py", line 45, in __init__
    self.body = self.render(content)
                ~~~~~~~~~~~^^^^^^^^^
  File "/Users/willneedlman/finance_dashboard/venv/lib/python3.13/site-packages/starlette/responses.py", line 195, in render
    return json.dumps(
           ~~~~~~~~~~^
        content,
        ^^^^^^^^
    ...<3 lines>...
        separators=(",", ":"),
        ^^^^^^^^^^^^^^^^^^^^^^
    ).encode("utf-8")
    ^
  File "/Library/Frameworks/Python.framework/Versions/3.13/lib/python3.13/json/__init__.py", line 238, in dumps
    **kw).encode(obj)
          ~~~~~~^^^^^
  File "/Library/Frameworks/Python.framework/Versions/3.13/lib/python3.13/json/encoder.py", line 200, in encode
    chunks = self.iterencode(o, _one_shot=True)
  File "/Library/Frameworks/Python.framework/Versions/3.13/lib/python3.13/json/encoder.py", line 261, in iterencode
    return _iterencode(o, 0)
ValueError: Out of range float values are not JSON compliant: nan
INFO:     127.0.0.1:51947 - "POST /api/correlation/matrix HTTP/1.1" 200 OK
INFO:     127.0.0.1:51965 - "POST /api/options/price HTTP/1.1" 200 OK
INFO:     127.0.0.1:51966 - "POST /api/options/payoff HTTP/1.1" 200 OK
INFO:     127.0.0.1:51967 - "POST /api/options/surface HTTP/1.1" 200 OK
INFO:     127.0.0.1:51968 - "POST /api/options/price HTTP/1.1" 200 OK
INFO:     127.0.0.1:51969 - "POST /api/options/payoff HTTP/1.1" 200 OK
INFO:     127.0.0.1:51970 - "POST /api/options/surface HTTP/1.1" 200 OK
INFO:     127.0.0.1:51977 - "POST /api/options/price HTTP/1.1" 200 OK
INFO:     127.0.0.1:51978 - "POST /api/options/payoff HTTP/1.1" 200 OK
INFO:     127.0.0.1:51979 - "POST /api/options/surface HTTP/1.1" 200 OK
INFO:     127.0.0.1:51985 - "GET /api/market/history?ticker=SPY&start=2024-01-01 HTTP/1.1" 200 OK
INFO:     127.0.0.1:51984 - "GET /api/options/chain?ticker=SPY HTTP/1.1" 200 OK
INFO:     127.0.0.1:51992 - "GET /api/prob/chain-distribution?ticker=SPY&expiry=2026-07-02 HTTP/1.1" 200 OK
INFO:     127.0.0.1:51991 - "POST /api/prob/cone HTTP/1.1" 200 OK
INFO:     127.0.0.1:52001 - "GET /api/options/chain?ticker=SPY HTTP/1.1" 200 OK
INFO:     127.0.0.1:52000 - "GET /api/options/gex?ticker=SPY HTTP/1.1" 200 OK
INFO:     127.0.0.1:52004 - "POST /api/bond/analytics HTTP/1.1" 200 OK
INFO:     127.0.0.1:52009 - "GET /api/rates/yield-curve HTTP/1.1" 200 OK
INFO:     127.0.0.1:52010 - "GET /api/rates/fed-projections HTTP/1.1" 200 OK
INFO:     127.0.0.1:52021 - "POST /api/bond/analytics HTTP/1.1" 200 OK
INFO:     127.0.0.1:52026 - "POST /api/portfolio/backtest HTTP/1.1" 200 OK
INFO:     127.0.0.1:52036 - "GET /api/market/history?ticker=SPY&start=2020-01-01 HTTP/1.1" 200 OK
INFO:     127.0.0.1:52042 - "GET /api/rates/risk-free HTTP/1.1" 200 OK
INFO:     127.0.0.1:52041 - "GET /api/dcf/fundamentals?ticker=AAPL HTTP/1.1" 200 OK
INFO:     127.0.0.1:52053 - "GET /api/rates/risk-free HTTP/1.1" 200 OK
INFO:     127.0.0.1:52052 - "GET /api/dcf/fundamentals?ticker=AAPL HTTP/1.1" 200 OK
INFO:     127.0.0.1:52056 - "GET /api/market/history?ticker=AAPL HTTP/1.1" 200 OK
INFO:     127.0.0.1:52060 - "POST /api/nav/proxy HTTP/1.1" 200 OK
INFO:     127.0.0.1:52189 - "POST /api/options/price HTTP/1.1" 200 OK
INFO:     127.0.0.1:52190 - "POST /api/options/payoff HTTP/1.1" 200 OK
INFO:     127.0.0.1:52192 - "POST /api/options/price HTTP/1.1" 200 OK
INFO:     127.0.0.1:52191 - "POST /api/options/surface HTTP/1.1" 200 OK
INFO:     127.0.0.1:52193 - "POST /api/options/payoff HTTP/1.1" 200 OK
INFO:     127.0.0.1:52194 - "POST /api/options/surface HTTP/1.1" 200 OK
INFO:     127.0.0.1:52209 - "GET /api/corporate/hub?ticker=NVDA HTTP/1.1" 200 OK
INFO:     127.0.0.1:52214 - "GET /api/corporate/hub?ticker=VST HTTP/1.1" 200 OK
INFO:     127.0.0.1:52212 - "GET /api/corporate/hub?ticker=MSTR HTTP/1.1" 200 OK
INFO:     127.0.0.1:52213 - "GET /api/corporate/hub?ticker=TOST HTTP/1.1" 200 OK
INFO:     127.0.0.1:52211 - "GET /api/corporate/hub?ticker=AAPL HTTP/1.1" 200 OK
INFO:     127.0.0.1:52210 - "GET /api/corporate/hub?ticker=SLS HTTP/1.1" 200 OK
INFO:     127.0.0.1:52239 - "GET /api/corporate/hub?ticker=AMZN HTTP/1.1" 200 OK
INFO:     127.0.0.1:52234 - "GET /api/corporate/hub?ticker=OWL HTTP/1.1" 200 OK
INFO:     127.0.0.1:52253 - "GET /api/corporate/hub/short?ticker=NVDA HTTP/1.1" 200 OK
INFO:     127.0.0.1:52255 - "GET /api/corporate/hub/short?ticker=SLS HTTP/1.1" 200 OK
INFO:     127.0.0.1:52258 - "GET /api/corporate/hub/short?ticker=VST HTTP/1.1" 200 OK
INFO:     127.0.0.1:52256 - "GET /api/corporate/hub/short?ticker=MSTR HTTP/1.1" 200 OK
INFO:     127.0.0.1:52257 - "GET /api/corporate/hub/short?ticker=TOST HTTP/1.1" 200 OK
INFO:     127.0.0.1:52254 - "GET /api/corporate/hub/short?ticker=AAPL HTTP/1.1" 200 OK
INFO:     127.0.0.1:52267 - "GET /api/corporate/hub/short?ticker=OWL HTTP/1.1" 200 OK
INFO:     127.0.0.1:52270 - "GET /api/corporate/hub/short?ticker=AMZN HTTP/1.1" 200 OK
INFO:     127.0.0.1:52312 - "POST /api/options/price HTTP/1.1" 200 OK
INFO:     127.0.0.1:52313 - "POST /api/options/payoff HTTP/1.1" 200 OK
INFO:     127.0.0.1:52315 - "POST /api/options/price HTTP/1.1" 200 OK
INFO:     127.0.0.1:52316 - "POST /api/options/payoff HTTP/1.1" 200 OK
INFO:     127.0.0.1:52314 - "POST /api/options/surface HTTP/1.1" 200 OK
INFO:     127.0.0.1:52317 - "POST /api/options/surface HTTP/1.1" 200 OK
INFO:     127.0.0.1:53388 - "GET /api/market/history?ticker=BTC-USD&start=2026-03-04 HTTP/1.1" 200 OK
INFO:     127.0.0.1:53389 - "GET /api/market/history?ticker=SPY&start=2025-12-04 HTTP/1.1" 200 OK
INFO:     127.0.0.1:53386 - "GET /api/market/history?ticker=SPY&start=2026-03-04 HTTP/1.1" 200 OK
INFO:     127.0.0.1:53385 - "GET /api/rates/risk-free HTTP/1.1" 200 OK
INFO:     127.0.0.1:53384 - "GET /api/rates/yield-curve HTTP/1.1" 200 OK
INFO:     127.0.0.1:53387 - "GET /api/market/history?ticker=NVDA&start=2026-03-04 HTTP/1.1" 200 OK
INFO:     127.0.0.1:53398 - "GET /api/corporate/hub?ticker=NVDA HTTP/1.1" 200 OK
INFO:     127.0.0.1:53430 - "GET /api/corporate/hub?ticker=NVDA HTTP/1.1" 200 OK
INFO:     127.0.0.1:53433 - "GET /api/corporate/hub?ticker=NVDA HTTP/1.1" 200 OK
INFO:     127.0.0.1:53407 - "GET /api/corporate/hub?ticker=AMZN HTTP/1.1" 200 OK
INFO:     127.0.0.1:53437 - "GET /api/corporate/hub?ticker=AMZN HTTP/1.1" 200 OK
INFO:     127.0.0.1:53401 - "GET /api/corporate/hub?ticker=AAPL HTTP/1.1" 200 OK
INFO:     127.0.0.1:53441 - "GET /api/corporate/hub?ticker=AAPL HTTP/1.1" 200 OK
INFO:     127.0.0.1:53404 - "GET /api/corporate/hub?ticker=MSFT HTTP/1.1" 200 OK
INFO:     127.0.0.1:53444 - "GET /api/corporate/hub?ticker=MSFT HTTP/1.1" 200 OK
INFO:     127.0.0.1:53417 - "GET /api/corporate/hub?ticker=GOOGL HTTP/1.1" 200 OK
INFO:     127.0.0.1:53411 - "GET /api/corporate/hub?ticker=META HTTP/1.1" 200 OK
INFO:     127.0.0.1:53447 - "GET /api/corporate/hub?ticker=META HTTP/1.1" 200 OK
INFO:     127.0.0.1:53663 - "GET /api/rates/fed-projections HTTP/1.1" 200 OK
INFO:     127.0.0.1:53678 - "POST /api/options/price HTTP/1.1" 200 OK
INFO:     127.0.0.1:53679 - "POST /api/options/payoff HTTP/1.1" 200 OK
INFO:     127.0.0.1:53681 - "POST /api/options/price HTTP/1.1" 200 OK
INFO:     127.0.0.1:53680 - "POST /api/options/surface HTTP/1.1" 200 OK
INFO:     127.0.0.1:53682 - "POST /api/options/payoff HTTP/1.1" 200 OK
INFO:     127.0.0.1:53683 - "POST /api/options/surface HTTP/1.1" 200 OK
INFO:     127.0.0.1:53696 - "POST /api/options/price HTTP/1.1" 200 OK
INFO:     127.0.0.1:53697 - "POST /api/options/payoff HTTP/1.1" 200 OK
INFO:     127.0.0.1:53699 - "POST /api/options/price HTTP/1.1" 200 OK
INFO:     127.0.0.1:53698 - "POST /api/options/surface HTTP/1.1" 200 OK
INFO:     127.0.0.1:53700 - "POST /api/options/payoff HTTP/1.1" 200 OK
INFO:     127.0.0.1:53701 - "POST /api/options/surface HTTP/1.1" 200 OK
INFO:     127.0.0.1:53708 - "GET /api/market/history?ticker=SPY&start=2024-01-01 HTTP/1.1" 200 OK
INFO:     127.0.0.1:53707 - "GET /api/options/chain?ticker=SPY HTTP/1.1" 200 OK
INFO:     127.0.0.1:53722 - "POST /api/options/price HTTP/1.1" 200 OK
INFO:     127.0.0.1:53723 - "POST /api/options/payoff HTTP/1.1" 200 OK
INFO:     127.0.0.1:53725 - "POST /api/options/price HTTP/1.1" 200 OK
INFO:     127.0.0.1:53724 - "POST /api/options/surface HTTP/1.1" 200 OK
INFO:     127.0.0.1:53726 - "POST /api/options/payoff HTTP/1.1" 200 OK
INFO:     127.0.0.1:53727 - "POST /api/options/surface HTTP/1.1" 200 OK
INFO:     127.0.0.1:53801 - "GET /api/rates/yield-curve HTTP/1.1" 200 OK
INFO:     127.0.0.1:53802 - "GET /api/rates/risk-free HTTP/1.1" 200 OK
INFO:     127.0.0.1:53805 - "GET /api/market/history?ticker=BTC-USD&start=2026-03-04 HTTP/1.1" 200 OK
INFO:     127.0.0.1:53803 - "GET /api/market/history?ticker=SPY&start=2026-03-04 HTTP/1.1" 200 OK
INFO:     127.0.0.1:53804 - "GET /api/market/history?ticker=NVDA&start=2026-03-04 HTTP/1.1" 200 OK
INFO:     127.0.0.1:53806 - "GET /api/market/history?ticker=SPY&start=2025-12-04 HTTP/1.1" 200 OK
INFO:     127.0.0.1:53832 - "GET /api/corporate/hub?ticker=GOOGL HTTP/1.1" 200 OK
INFO:     127.0.0.1:53812 - "GET /api/corporate/hub?ticker=NVDA HTTP/1.1" 200 OK
INFO:     127.0.0.1:53845 - "GET /api/corporate/hub?ticker=NVDA HTTP/1.1" 200 OK
INFO:     127.0.0.1:53848 - "GET /api/corporate/hub?ticker=NVDA HTTP/1.1" 200 OK
INFO:     127.0.0.1:53811 - "GET /api/corporate/hub?ticker=AAPL HTTP/1.1" 200 OK
INFO:     127.0.0.1:53824 - "GET /api/corporate/hub?ticker=AMZN HTTP/1.1" 200 OK
INFO:     127.0.0.1:53853 - "GET /api/corporate/hub?ticker=AAPL HTTP/1.1" 200 OK
INFO:     127.0.0.1:53854 - "GET /api/corporate/hub?ticker=AMZN HTTP/1.1" 200 OK
INFO:     127.0.0.1:53821 - "GET /api/corporate/hub?ticker=MSFT HTTP/1.1" 200 OK
INFO:     127.0.0.1:53857 - "GET /api/corporate/hub?ticker=MSFT HTTP/1.1" 200 OK
INFO:     127.0.0.1:53829 - "GET /api/corporate/hub?ticker=META HTTP/1.1" 200 OK
INFO:     127.0.0.1:53860 - "GET /api/corporate/hub?ticker=META HTTP/1.1" 200 OK
INFO:     127.0.0.1:53935 - "GET /api/rates/yield-curve HTTP/1.1" 200 OK
INFO:     127.0.0.1:53936 - "GET /api/rates/risk-free HTTP/1.1" 200 OK
INFO:     127.0.0.1:53938 - "GET /api/market/history?ticker=NVDA&start=2026-03-05 HTTP/1.1" 200 OK
INFO:     127.0.0.1:53937 - "GET /api/market/history?ticker=SPY&start=2026-03-05 HTTP/1.1" 200 OK
INFO:     127.0.0.1:53939 - "GET /api/market/history?ticker=BTC-USD&start=2026-03-05 HTTP/1.1" 200 OK
INFO:     127.0.0.1:53940 - "GET /api/market/history?ticker=SPY&start=2025-12-05 HTTP/1.1" 200 OK
INFO:     127.0.0.1:53945 - "GET /api/corporate/hub?ticker=AAPL HTTP/1.1" 200 OK
INFO:     127.0.0.1:53946 - "GET /api/corporate/hub?ticker=NVDA HTTP/1.1" 200 OK
INFO:     127.0.0.1:53949 - "GET /api/corporate/hub?ticker=MSFT HTTP/1.1" 200 OK
INFO:     127.0.0.1:53952 - "GET /api/corporate/hub?ticker=AMZN HTTP/1.1" 200 OK
INFO:     127.0.0.1:53963 - "GET /api/corporate/hub?ticker=META HTTP/1.1" 200 OK
INFO:     127.0.0.1:53966 - "GET /api/corporate/hub?ticker=GOOGL HTTP/1.1" 200 OK
INFO:     127.0.0.1:53967 - "GET /api/corporate/hub?ticker=AAPL HTTP/1.1" 200 OK
INFO:     127.0.0.1:53968 - "GET /api/corporate/hub?ticker=NVDA HTTP/1.1" 200 OK
INFO:     127.0.0.1:53969 - "GET /api/corporate/hub?ticker=MSFT HTTP/1.1" 200 OK
INFO:     127.0.0.1:53970 - "GET /api/corporate/hub?ticker=AMZN HTTP/1.1" 200 OK
INFO:     127.0.0.1:53975 - "GET /api/corporate/hub?ticker=META HTTP/1.1" 200 OK
INFO:     127.0.0.1:53976 - "GET /api/corporate/hub?ticker=NVDA HTTP/1.1" 200 OK
INFO:     127.0.0.1:53987 - "GET /api/market/history?ticker=NVDA&start=2026-03-05 HTTP/1.1" 200 OK
INFO:     127.0.0.1:54000 - "GET /api/corporate/hub?ticker=SPY HTTP/1.1" 200 OK
INFO:     127.0.0.1:54001 - "GET /api/corporate/hub?ticker=QQQ HTTP/1.1" 200 OK
INFO:     127.0.0.1:54002 - "GET /api/corporate/hub?ticker=IWM HTTP/1.1" 200 OK
INFO:     127.0.0.1:54154 - "GET /api/market/history?ticker=NVDA&start=2026-03-05 HTTP/1.1" 200 OK
INFO:     127.0.0.1:54158 - "GET /api/rates/yield-curve HTTP/1.1" 200 OK
INFO:     127.0.0.1:54159 - "GET /api/rates/risk-free HTTP/1.1" 200 OK
INFO:     127.0.0.1:54155 - "GET /api/corporate/hub?ticker=SPY HTTP/1.1" 200 OK
INFO:     127.0.0.1:54156 - "GET /api/corporate/hub?ticker=QQQ HTTP/1.1" 200 OK
INFO:     127.0.0.1:54157 - "GET /api/corporate/hub?ticker=IWM HTTP/1.1" 200 OK
INFO:     127.0.0.1:54254 - "GET /api/rates/yield-curve HTTP/1.1" 200 OK
INFO:     127.0.0.1:54262 - "GET /api/rates/risk-free HTTP/1.1" 200 OK
INFO:     127.0.0.1:54266 - "GET /api/market/history?ticker=NVDA&start=2026-03-05 HTTP/1.1" 200 OK
INFO:     127.0.0.1:54265 - "GET /api/market/history?ticker=BTC-USD&start=2026-03-05 HTTP/1.1" 200 OK
INFO:     127.0.0.1:54263 - "GET /api/market/history?ticker=SPY&start=2026-03-05 HTTP/1.1" 200 OK
INFO:     127.0.0.1:54267 - "GET /api/market/history?ticker=SPY&start=2025-12-05 HTTP/1.1" 200 OK
INFO:     127.0.0.1:54271 - "GET /api/corporate/hub?ticker=NVDA HTTP/1.1" 200 OK
INFO:     127.0.0.1:54288 - "GET /api/corporate/hub?ticker=META HTTP/1.1" 200 OK
INFO:     127.0.0.1:54307 - "GET /api/corporate/hub?ticker=NVDA HTTP/1.1" 200 OK
INFO:     127.0.0.1:54310 - "GET /api/corporate/hub?ticker=META HTTP/1.1" 200 OK
INFO:     127.0.0.1:54276 - "GET /api/corporate/hub?ticker=MSFT HTTP/1.1" 200 OK
INFO:     127.0.0.1:54313 - "GET /api/corporate/hub?ticker=NVDA HTTP/1.1" 200 OK
INFO:     127.0.0.1:54273 - "GET /api/corporate/hub?ticker=AAPL HTTP/1.1" 200 OK
INFO:     127.0.0.1:54318 - "GET /api/corporate/hub?ticker=MSFT HTTP/1.1" 200 OK
INFO:     127.0.0.1:54319 - "GET /api/corporate/hub?ticker=AAPL HTTP/1.1" 200 OK
INFO:     127.0.0.1:54295 - "GET /api/corporate/hub?ticker=GOOGL HTTP/1.1" 200 OK
INFO:     127.0.0.1:54285 - "GET /api/corporate/hub?ticker=AMZN HTTP/1.1" 200 OK
INFO:     127.0.0.1:54322 - "GET /api/corporate/hub?ticker=AMZN HTTP/1.1" 200 OK
INFO:     127.0.0.1:54445 - "GET /api/rates/yield-curve HTTP/1.1" 200 OK
INFO:     127.0.0.1:54446 - "GET /api/rates/risk-free HTTP/1.1" 200 OK
INFO:     127.0.0.1:54449 - "GET /api/corporate/hub?ticker=NVDA HTTP/1.1" 200 OK
INFO:     127.0.0.1:54450 - "GET /api/corporate/hub?ticker=AAPL HTTP/1.1" 200 OK
INFO:     127.0.0.1:54448 - "GET /api/market/history?ticker=SPY&start=2025-12-05 HTTP/1.1" 200 OK
INFO:     127.0.0.1:54447 - "GET /api/market/history?ticker=BTC-USD&start=2026-03-05 HTTP/1.1" 200 OK
INFO:     127.0.0.1:54455 - "GET /api/corporate/hub?ticker=MSFT HTTP/1.1" 200 OK
INFO:     127.0.0.1:54456 - "GET /api/corporate/hub?ticker=AMZN HTTP/1.1" 200 OK
INFO:     127.0.0.1:54462 - "GET /api/corporate/hub?ticker=META HTTP/1.1" 200 OK
INFO:     127.0.0.1:54470 - "GET /api/corporate/hub?ticker=GOOGL HTTP/1.1" 200 OK
INFO:     127.0.0.1:54471 - "GET /api/corporate/hub?ticker=AAPL HTTP/1.1" 200 OK
INFO:     127.0.0.1:54472 - "GET /api/corporate/hub?ticker=NVDA HTTP/1.1" 200 OK
INFO:     127.0.0.1:54473 - "GET /api/corporate/hub?ticker=AMZN HTTP/1.1" 200 OK
INFO:     127.0.0.1:54474 - "GET /api/corporate/hub?ticker=MSFT HTTP/1.1" 200 OK
INFO:     127.0.0.1:54477 - "GET /api/corporate/hub?ticker=META HTTP/1.1" 200 OK
INFO:     127.0.0.1:54480 - "GET /api/corporate/hub?ticker=NVDA HTTP/1.1" 200 OK
INFO:     127.0.0.1:54485 - "GET /api/market/history?ticker=SPY&start=2026-03-05 HTTP/1.1" 200 OK
INFO:     127.0.0.1:54486 - "GET /api/market/history?ticker=NVDA&start=2026-03-05 HTTP/1.1" 200 OK
INFO:     127.0.0.1:54577 - "GET /api/rates/yield-curve HTTP/1.1" 200 OK
INFO:     127.0.0.1:54578 - "GET /api/rates/risk-free HTTP/1.1" 200 OK
INFO:     127.0.0.1:54581 - "GET /api/market/history?ticker=BTC-USD&start=2026-03-05 HTTP/1.1" 200 OK
INFO:     127.0.0.1:54580 - "GET /api/market/history?ticker=NVDA&start=2026-03-05 HTTP/1.1" 200 OK
INFO:     127.0.0.1:54579 - "GET /api/market/history?ticker=SPY&start=2026-03-05 HTTP/1.1" 200 OK
INFO:     127.0.0.1:54582 - "GET /api/market/history?ticker=SPY&start=2025-12-05 HTTP/1.1" 200 OK
INFO:     127.0.0.1:54587 - "GET /api/corporate/hub?ticker=NVDA HTTP/1.1" 200 OK
INFO:     127.0.0.1:54621 - "GET /api/corporate/hub?ticker=NVDA HTTP/1.1" 200 OK
INFO:     127.0.0.1:54588 - "GET /api/corporate/hub?ticker=AAPL HTTP/1.1" 200 OK
INFO:     127.0.0.1:54626 - "GET /api/corporate/hub?ticker=NVDA HTTP/1.1" 200 OK
INFO:     127.0.0.1:54627 - "GET /api/corporate/hub?ticker=AAPL HTTP/1.1" 200 OK
INFO:     127.0.0.1:54608 - "GET /api/corporate/hub?ticker=GOOGL HTTP/1.1" 200 OK
INFO:     127.0.0.1:54605 - "GET /api/corporate/hub?ticker=META HTTP/1.1" 200 OK
INFO:     127.0.0.1:54630 - "GET /api/corporate/hub?ticker=META HTTP/1.1" 200 OK
INFO:     127.0.0.1:54602 - "GET /api/corporate/hub?ticker=AMZN HTTP/1.1" 200 OK
INFO:     127.0.0.1:54633 - "GET /api/corporate/hub?ticker=AMZN HTTP/1.1" 200 OK
INFO:     127.0.0.1:54598 - "GET /api/corporate/hub?ticker=MSFT HTTP/1.1" 200 OK
INFO:     127.0.0.1:54637 - "GET /api/corporate/hub?ticker=MSFT HTTP/1.1" 200 OK
WARNING:  WatchFiles detected changes in 'routers/probability.py'. Reloading...
INFO:     Shutting down
INFO:     Waiting for application shutdown.
INFO:     Application shutdown complete.
INFO:     Finished server process [2771]
INFO:     Started server process [7183]
INFO:     Waiting for application startup.
INFO:     Application startup complete.
INFO:     127.0.0.1:60449 - "GET /docs HTTP/1.1" 200 OK
WARNING:  WatchFiles detected changes in 'fmp.py'. Reloading...
INFO:     Shutting down
INFO:     Waiting for application shutdown.
INFO:     Application shutdown complete.
INFO:     Finished server process [7183]
INFO:     Started server process [30197]
INFO:     Waiting for application startup.
INFO:     Application startup complete.
WARNING:  WatchFiles detected changes in 'routers/options.py'. Reloading...
INFO:     Shutting down
INFO:     Waiting for application shutdown.
INFO:     Application shutdown complete.
INFO:     Finished server process [30197]
INFO:     Started server process [30215]
INFO:     Waiting for application startup.
INFO:     Application startup complete.
WARNING:  WatchFiles detected changes in 'routers/options.py'. Reloading...
INFO:     Shutting down
INFO:     Waiting for application shutdown.
INFO:     Application shutdown complete.
INFO:     Finished server process [30215]
INFO:     Started server process [30259]
INFO:     Waiting for application startup.
INFO:     Application startup complete.
WARNING:  WatchFiles detected changes in 'routers/options.py'. Reloading...
INFO:     Shutting down
INFO:     Waiting for application shutdown.
INFO:     Application shutdown complete.
INFO:     Finished server process [30259]
INFO:     Started server process [30286]
INFO:     Waiting for application startup.
INFO:     Application startup complete.
WARNING:  WatchFiles detected changes in 'routers/options.py'. Reloading...
INFO:     Shutting down
INFO:     Waiting for application shutdown.
INFO:     Application shutdown complete.
INFO:     Finished server process [30286]
INFO:     Started server process [30402]
INFO:     Waiting for application startup.
INFO:     Application startup complete.
WARNING:  WatchFiles detected changes in 'routers/options.py'. Reloading...
INFO:     Shutting down
INFO:     Waiting for application shutdown.
INFO:     Application shutdown complete.
INFO:     Finished server process [30402]
INFO:     Started server process [30628]
INFO:     Waiting for application startup.
INFO:     Application startup complete.
WARNING:  WatchFiles detected changes in 'routers/options.py'. Reloading...
INFO:     Shutting down
INFO:     Waiting for application shutdown.
INFO:     Application shutdown complete.
INFO:     Finished server process [30628]
INFO:     Started server process [30634]
INFO:     Waiting for application startup.
INFO:     Application startup complete.
WARNING:  WatchFiles detected changes in 'routers/options.py'. Reloading...
INFO:     Shutting down
INFO:     Waiting for application shutdown.
INFO:     Application shutdown complete.
INFO:     Finished server process [30634]
INFO:     Started server process [30637]
INFO:     Waiting for application startup.
INFO:     Application startup complete.
WARNING:  WatchFiles detected changes in 'routers/options.py'. Reloading...
INFO:     Shutting down
INFO:     Waiting for application shutdown.
INFO:     Application shutdown complete.
INFO:     Finished server process [30637]
INFO:     Started server process [30761]
INFO:     Waiting for application startup.
INFO:     Application startup complete.
WARNING:  WatchFiles detected changes in 'routers/options.py'. Reloading...
INFO:     Shutting down
INFO:     Waiting for application shutdown.
INFO:     Application shutdown complete.
INFO:     Finished server process [30761]
INFO:     Started server process [30764]
INFO:     Waiting for application startup.
INFO:     Application startup complete.
WARNING:  WatchFiles detected changes in 'routers/options.py'. Reloading...
INFO:     Shutting down
INFO:     Waiting for application shutdown.
INFO:     Application shutdown complete.
INFO:     Finished server process [30764]
INFO:     Started server process [31094]
INFO:     Waiting for application startup.
INFO:     Application startup complete.
WARNING:  WatchFiles detected changes in 'routers/options.py'. Reloading...
INFO:     Shutting down
INFO:     Waiting for application shutdown.
INFO:     Application shutdown complete.
INFO:     Finished server process [31094]
INFO:     Started server process [31107]
INFO:     Waiting for application startup.
INFO:     Application startup complete.
WARNING:  WatchFiles detected changes in 'routers/options.py'. Reloading...
INFO:     Shutting down
INFO:     Waiting for application shutdown.
INFO:     Application shutdown complete.
INFO:     Finished server process [31107]
INFO:     Started server process [31801]
INFO:     Waiting for application startup.
INFO:     Application startup complete.
WARNING:  WatchFiles detected changes in 'routers/options.py'. Reloading...
INFO:     Shutting down
INFO:     Waiting for application shutdown.
INFO:     Application shutdown complete.
INFO:     Finished server process [31801]
INFO:     Started server process [31805]
INFO:     Waiting for application startup.
INFO:     Application startup complete.
WARNING:  WatchFiles detected changes in 'routers/corporate.py'. Reloading...
INFO:     Shutting down
INFO:     Waiting for application shutdown.
INFO:     Application shutdown complete.
INFO:     Finished server process [31805]
INFO:     Started server process [38231]
INFO:     Waiting for application startup.
INFO:     Application startup complete.
